date,status,halt_et,reopen_et,source_url,source_title,notes
2009-01-01,closed,,18:00,https://web.archive.org/web/20090419033103/http://www.cmegroup.com:80/tools-information/holiday-calendar/files/2009-globex-holiday-calendar.pdf,CME Globex holiday trading hours: 2009-globex-holiday-calendar.pdf,"PDF (pdftotext -layout), NYMEX/COMEX/Energy-Metals section: CLOSED  CT | CME Globex is closed (times CT, +1h to ET)."
2009-04-10,closed,,2009-04-12 18:00,https://web.archive.org/web/20090419033107/http://www.cmegroup.com:80/tools-information/holiday-calendar/files/2009-good-friday.pdf,CME Globex holiday trading hours: 2009-good-friday.pdf,"PDF (pdftotext -layout), NYMEX/COMEX/Energy-Metals section: CLOSED  CT | CME Globex is closed (times CT, +1h to ET). Same in: 2009-globex-holiday-calendar.pdf."
2009-05-22,early_halt,16:15,2009-05-24 18:00,https://web.archive.org/web/20090611163557/http://www.cmegroup.com:80/tools-information/holiday-calendar/files/2009-memorial-day.pdf,CME Globex holiday trading hours: 2009-memorial-day.pdf,"PDF (pdftotext -layout), NYMEX/COMEX/Energy-Metals section: EARLY 1515 CT | 1515 CT - Early CME Globex close for trade date Friday, May 22 (times CT, +1h to ET)."
2009-05-25,early_halt,13:15,18:00,https://web.archive.org/web/20090611163557/http://www.cmegroup.com:80/tools-information/holiday-calendar/files/2009-memorial-day.pdf,CME Globex holiday trading hours: 2009-memorial-day.pdf,"PDF (pdftotext -layout), NYMEX/COMEX/Energy-Metals section: HALT 1215 CT | 1215 CT - Trading halt (times CT, +1h to ET)."
2009-07-03,early_halt,13:30,2009-07-05 18:00,https://web.archive.org/web/20090612061133/http://www.cmegroup.com:80/tools-information/holiday-calendar/files/2009-4th-of-july.pdf,CME Globex holiday trading hours: 2009-4th-of-july.pdf,"PDF, NYMEX, COMEX and DME Products on CME Globex: 'Friday, Jul 3: 1230 CT CME Globex close (No TAS Contracts will be open)'; 'Sunday, Jul 5: 1700 CT Regular open for trade date Monday, Jul 6'. Added by hand: the parser skips lines that mention TAS."
2009-09-04,early_halt,16:15,2009-09-06 18:00,https://web.archive.org/web/20091007030433/http://www.cmegroup.com:80/tools-information/holiday-calendar/files/2009-labor-day.pdf,CME Globex holiday trading hours: 2009-labor-day.pdf,"PDF (pdftotext -layout), NYMEX/COMEX/Energy-Metals section: EARLY 1515 CT | 1515 CT -Early CME Globex close for trade date Friday, Sep 4 (times CT, +1h to ET)."
2009-09-07,early_halt,13:15,18:00,https://web.archive.org/web/20091007030433/http://www.cmegroup.com:80/tools-information/holiday-calendar/files/2009-labor-day.pdf,CME Globex holiday trading hours: 2009-labor-day.pdf,"PDF (pdftotext -layout), NYMEX/COMEX/Energy-Metals section: HALT 1215 CT | 1215 CT - Trading halt (times CT, +1h to ET)."
2009-11-26,early_halt,13:15,18:00,https://web.archive.org/web/20091007101616/http://www.cmegroup.com:80/tools-information/holiday-calendar/files/2009-thanksgiving.pdf,CME Globex holiday trading hours: 2009-thanksgiving.pdf,"PDF (pdftotext -layout), NYMEX/COMEX/Energy-Metals section: HALT 1215 CT | 1215 CT - Trading halt (times CT, +1h to ET)."
2009-11-27,early_halt,13:45,,https://web.archive.org/web/20091007101616/http://www.cmegroup.com:80/tools-information/holiday-calendar/files/2009-thanksgiving.pdf,CME Globex holiday trading hours: 2009-thanksgiving.pdf,"PDF (pdftotext -layout), NYMEX/COMEX/Energy-Metals section: EARLY 1230 CT | 1230 CT - Early CME Globex Close for trade date Friday, Nov 27 (times CT, +1h to ET). [OBSERVED] The notice's 13:30 ET is contradicted by the 1m bars of CL and GC, which end at 13:45 ET; the table uses 13:45."
2009-12-24,early_halt,13:45,,https://web.archive.org/web/20100215055401/http://www.cmegroup.com:80/tools-information/holiday-calendar/files/2009-christmas.pdf,CME Globex holiday trading hours: 2009-christmas.pdf,"PDF (pdftotext -layout), NYMEX/COMEX/Energy-Metals section: EARLY 1245 CT | 1245 CT / 1345 ET - Early CME Globex close for trade date Thursday, Dec 24 (times CT, +1h to ET)."
2009-12-25,closed,,2009-12-27 18:00,https://web.archive.org/web/20100215055401/http://www.cmegroup.com:80/tools-information/holiday-calendar/files/2009-christmas.pdf,CME Globex holiday trading hours: 2009-christmas.pdf,"PDF (pdftotext -layout), NYMEX/COMEX/Energy-Metals section: CLOSED  CT | CME Globex is closed (times CT, +1h to ET). Same in: 2009-globex-holiday-calendar.pdf."
2010-01-01,closed,,2010-01-03 18:00,https://web.archive.org/web/20100215051652/http://www.cmegroup.com:80/tools-information/holiday-calendar/files/2010-new-years.pdf,CME Globex holiday trading hours: 2010-new-years.pdf,"PDF (pdftotext -layout), NYMEX/COMEX/Energy-Metals section: CLOSED  CT | CME Globex is closed (times CT, +1h to ET). Same in: 2009-globex-holiday-calendar.pdf, 2010-globex-holiday-calendar.pdf."
2010-01-15,early_halt,16:15,2010-01-17 18:00,https://web.archive.org/web/20100215061802/http://www.cmegroup.com:80/tools-information/holiday-calendar/files/2010-globex-holiday-calendar.pdf,CME Globex holiday trading hours: 2010-globex-holiday-calendar.pdf,"PDF (pdftotext -layout), NYMEX/COMEX/Energy-Metals section: EARLY 1515 CT | 1515 CT / 1615 ET - Early CME Globex close for trade date Friday, Jan 15 (times CT, +1h to ET)."
2010-01-18,early_halt,13:15,18:00,https://web.archive.org/web/20100215061802/http://www.cmegroup.com:80/tools-information/holiday-calendar/files/2010-globex-holiday-calendar.pdf,CME Globex holiday trading hours: 2010-globex-holiday-calendar.pdf,"PDF (pdftotext -layout), NYMEX/COMEX/Energy-Metals section: HALT 1215 CT | 1215 CT / 1315 ET - Trading halt (times CT, +1h to ET)."
2010-02-12,early_halt,16:15,2010-02-14 18:00,https://web.archive.org/web/20100215064641/http://www.cmegroup.com:80/tools-information/holiday-calendar/files/2010-presidents-day.pdf,CME Globex holiday trading hours: 2010-presidents-day.pdf,"PDF (pdftotext -layout), NYMEX/COMEX/Energy-Metals section: EARLY 1515 CT | 1515 CT / 1615 ET - Early CME Globex close for trade date Friday, Feb 12 (times CT, +1h to ET). Same in: 2010-globex-holiday-calendar.pdf."
2010-02-15,early_halt,13:15,18:00,https://web.archive.org/web/20100215064641/http://www.cmegroup.com:80/tools-information/holiday-calendar/files/2010-presidents-day.pdf,CME Globex holiday trading hours: 2010-presidents-day.pdf,"PDF (pdftotext -layout), NYMEX/COMEX/Energy-Metals section: HALT 1215 CT | 1215 CT / 1315 ET - Trading halt (times CT, +1h to ET). Same in: 2010-globex-holiday-calendar.pdf."
2010-04-02,closed,,2010-04-04 18:00,https://web.archive.org/web/20100601111916/http://www.cmegroup.com:80/tools-information/holiday-calendar/files/2010-good-friday.pdf,CME Globex holiday trading hours: 2010-good-friday.pdf,"PDF, NYMEX & COMEX and DME Products on CME Globex: 'Friday, Apr 2: No CME Globex Trading on Good Friday'; Sunday Apr 4 1700 CT open for Monday Apr 5."
2010-05-28,early_halt,16:15,2010-05-30 18:00,https://web.archive.org/web/20100601094225/http://www.cmegroup.com:80/tools-information/holiday-calendar/files/2010-memorial-day.pdf,CME Globex holiday trading hours: 2010-memorial-day.pdf,"PDF (pdftotext -layout), NYMEX/COMEX/Energy-Metals section: EARLY 1515 CT | 1515 CT / 1615 ET - Early CME Globex close for trade date Friday, May 28 (times CT, +1h to ET). Same in: 2010-globex-holiday-calendar.pdf."
2010-05-31,early_halt,13:15,18:00,https://web.archive.org/web/20100601094225/http://www.cmegroup.com:80/tools-information/holiday-calendar/files/2010-memorial-day.pdf,CME Globex holiday trading hours: 2010-memorial-day.pdf,"PDF (pdftotext -layout), NYMEX/COMEX/Energy-Metals section: HALT 1215 CT | 1215 CT / 1315 ET - Trading halt (times CT, +1h to ET). Same in: 2010-globex-holiday-calendar.pdf."
2010-07-02,early_halt,16:15,2010-07-04 18:00,https://web.archive.org/web/20100602005637/http://www.cmegroup.com:80/tools-information/holiday-calendar/files/2010-4th-of-july.pdf,CME Globex holiday trading hours: 2010-4th-of-july.pdf,"PDF (pdftotext -layout), NYMEX/COMEX/Energy-Metals section: EARLY 1515 CT | 1515 CT / 1615 ET - Early CME Globex close for trade date Friday, July 2 (times CT, +1h to ET). Same in: 2010-globex-holiday-calendar.pdf."
2010-07-05,early_halt,13:15,18:00,https://web.archive.org/web/20100602005637/http://www.cmegroup.com:80/tools-information/holiday-calendar/files/2010-4th-of-july.pdf,CME Globex holiday trading hours: 2010-4th-of-july.pdf,"PDF (pdftotext -layout), NYMEX/COMEX/Energy-Metals section: HALT 1215 CT | 1215 CT / 1315 ET - Trading halt (times CT, +1h to ET). Same in: 2010-globex-holiday-calendar.pdf."
2010-09-03,early_halt,16:15,2010-09-05 18:00,https://web.archive.org/web/20100215061802/http://www.cmegroup.com:80/tools-information/holiday-calendar/files/2010-globex-holiday-calendar.pdf,CME Globex holiday trading hours: 2010-globex-holiday-calendar.pdf,"PDF (pdftotext -layout), NYMEX/COMEX/Energy-Metals section: EARLY 1515 CT | 1515 CT -Early CME Globex close for trade date Friday, Sep 3 (times CT, +1h to ET)."
2010-09-06,early_halt,13:15,18:00,https://web.archive.org/web/20100215061802/http://www.cmegroup.com:80/tools-information/holiday-calendar/files/2010-globex-holiday-calendar.pdf,CME Globex holiday trading hours: 2010-globex-holiday-calendar.pdf,"PDF (pdftotext -layout), NYMEX/COMEX/Energy-Metals section: HALT 1215 CT | 1215 CT - Trading halt (times CT, +1h to ET)."
2010-10-08,early_halt,16:15,2010-10-10 18:00,https://web.archive.org/web/20100821133122/http://www.cmegroup.com:80/tools-information/holiday-calendar/files/2010-columbus-day.pdf,CME Globex holiday trading hours: 2010-columbus-day.pdf,"PDF (pdftotext -layout), NYMEX/COMEX/Energy-Metals section: EARLY 1515 CT | 1515 CT / 1615 ET - Early CME Globex close for trade date Friday, Oct 8 (times CT, +1h to ET). Same in: 2010-globex-holiday-calendar.pdf."
2010-11-25,early_halt,13:15,18:00,https://web.archive.org/web/20101122094012/http://www.cmegroup.com:80/tools-information/holiday-calendar/files/2010-thanksgiving.pdf,CME Globex holiday trading hours: 2010-thanksgiving.pdf,"PDF (pdftotext -layout), NYMEX/COMEX/Energy-Metals section: HALT 1215 CT | 1215 CT / 1315 ET - Trading halt (times CT, +1h to ET). Same in: 2010-globex-holiday-calendar.pdf."
2010-11-26,early_halt,13:45,,https://web.archive.org/web/20101122094012/http://www.cmegroup.com:80/tools-information/holiday-calendar/files/2010-thanksgiving.pdf,CME Globex holiday trading hours: 2010-thanksgiving.pdf,"PDF (pdftotext -layout), NYMEX/COMEX/Energy-Metals section: EARLY 1245 CT | 1245 CT / 1345 ET - Early CME Globex Close for trade date Friday, Nov 26 (times CT, +1h to ET). Same in: 2010-globex-holiday-calendar.pdf."
2010-12-24,closed,,2010-12-26 18:00,https://web.archive.org/web/20101214061238/http://www.cmegroup.com:80/tools-information/holiday-calendar/files/2010-christmas.pdf,CME Globex holiday trading hours: 2010-christmas.pdf,"PDF (pdftotext -layout), NYMEX/COMEX/Energy-Metals section: CLOSED  CT | CME Globex is closed (times CT, +1h to ET). Same in: 2010-globex-holiday-calendar.pdf."
2010-12-31,early_halt,16:15,2011-01-02 18:00,https://web.archive.org/web/20101214061245/http://www.cmegroup.com:80/tools-information/holiday-calendar/files/2011-new-years.pdf,CME Globex holiday trading hours: 2011-new-years.pdf,"PDF (pdftotext -layout), NYMEX/COMEX/Energy-Metals section: EARLY 1515 CT | 1515 CT / 1615 ET - Early CME Globex close for trade date Friday, Dec 31 (times CT, +1h to ET). Same in: 2010-globex-holiday-calendar.pdf."
2011-01-14,early_halt,16:15,2011-01-16 18:00,https://web.archive.org/web/20110114202403/http://www.cmegroup.com/tools-information/holiday-calendar/files/2011-martin-luther-king.pdf,CME Globex holiday trading hours: 2011-martin-luther-king.pdf,"PDF (pdftotext -layout), NYMEX/COMEX/Energy-Metals section: EARLY 1515 CT | 1515 CT / 1615 ET - Early CME Globex close for trade date Friday, Jan 14 (times CT, +1h to ET)."
2011-01-17,early_halt,13:15,18:00,https://web.archive.org/web/20110114202403/http://www.cmegroup.com/tools-information/holiday-calendar/files/2011-martin-luther-king.pdf,CME Globex holiday trading hours: 2011-martin-luther-king.pdf,"PDF (pdftotext -layout), NYMEX/COMEX/Energy-Metals section: HALT 1215 CT | 1215 CT / 1315 ET - Trading halt (times CT, +1h to ET)."
2011-02-21,early_halt,13:15,18:00,https://web.archive.org/web/20110114202410/http://www.cmegroup.com/tools-information/holiday-calendar/files/2011-presidents-day.pdf,CME Globex holiday trading hours: 2011-presidents-day.pdf,"PDF (pdftotext -layout), NYMEX/COMEX/Energy-Metals section: HALT 1215 CT | 1215 CT / 1315 ET - Trading halt (times CT, +1h to ET)."
2011-04-22,closed,,2011-04-24 18:00,https://web.archive.org/web/20110114202425/http://www.cmegroup.com/tools-information/holiday-calendar/files/2011-good-friday.pdf,CME Globex holiday trading hours: 2011-good-friday.pdf,"PDF (pdftotext -layout), NYMEX/COMEX/Energy-Metals section: CLOSED  CT | CME Globex is closed (times CT, +1h to ET)."
2011-05-30,early_halt,13:15,18:00,https://web.archive.org/web/20110114202430/http://www.cmegroup.com/tools-information/holiday-calendar/files/2011-memorial-day.pdf,CME Globex holiday trading hours: 2011-memorial-day.pdf,"PDF (pdftotext -layout), NYMEX/COMEX/Energy-Metals section: HALT 1215 CT | 1215 CT / 1315 ET - Trading halt (times CT, +1h to ET)."
2011-07-04,early_halt,13:15,18:00,https://web.archive.org/web/20110114202444/http://www.cmegroup.com/tools-information/holiday-calendar/files/2011-4th-of-july.pdf,CME Globex holiday trading hours: 2011-4th-of-july.pdf,"PDF (pdftotext -layout), NYMEX/COMEX/Energy-Metals section: HALT 1215 CT | 1215 CT / 1315 ET - Trading halt (times CT, +1h to ET)."
2011-09-05,early_halt,13:15,18:00,https://web.archive.org/web/20110114202451/http://www.cmegroup.com/tools-information/holiday-calendar/files/2011-labor-day.pdf,CME Globex holiday trading hours: 2011-labor-day.pdf,"PDF (pdftotext -layout), NYMEX/COMEX/Energy-Metals section: HALT 1215 CT | 1215 CT / 1315 ET - Trading halt (times CT, +1h to ET)."
2011-11-24,early_halt,13:15,18:00,https://web.archive.org/web/20110114202528/http://www.cmegroup.com/tools-information/holiday-calendar/files/2011-thanksgiving.pdf,CME Globex holiday trading hours: 2011-thanksgiving.pdf,"PDF (pdftotext -layout), NYMEX/COMEX/Energy-Metals section: HALT 1215 CT | 1215 CT / 1315 ET - Trading halt (times CT, +1h to ET)."
2011-11-25,early_halt,13:45,,https://web.archive.org/web/20110114202528/http://www.cmegroup.com/tools-information/holiday-calendar/files/2011-thanksgiving.pdf,CME Globex holiday trading hours: 2011-thanksgiving.pdf,"PDF (pdftotext -layout), NYMEX/COMEX/Energy-Metals section: EARLY 1245 CT | 1245 CT / 1345 ET - Early CME Globex Close for trade date Friday, Nov 25 (times CT, +1h to ET)."
2011-12-26,closed,,18:00,https://web.archive.org/web/20110114202545/http://www.cmegroup.com/tools-information/holiday-calendar/files/2011-christmas.pdf,CME Globex holiday trading hours: 2011-christmas.pdf,"PDF, NYMEX, COMEX and DME Products on CME Globex: 'Monday, Dec 26: 1700 CT / 1800 ET Regular CME Globex open for trade date Tuesday, Dec 27' (no day session); the equity/rate/FX sections of the same notice say 'Christmas Day Observed - Globex closed'."
2012-01-02,closed,,18:00,https://web.archive.org/web/20110114202559/http://www.cmegroup.com/tools-information/holiday-calendar/files/2012-new-years.pdf,CME Globex holiday trading hours: 2012-new-years.pdf,"PDF, NYMEX, COMEX and DME Products on CME Globex: 'Monday, Jan 2: 1700 CT / 1800 ET Regular CME Globex open for trade date Tuesday, Jan 3' (no day session)."
2012-01-16,early_halt,13:15,18:00,https://web.archive.org/web/20120105160459/http://www.cmegroup.com:80/tools-information/holiday-calendar/files/2012-martin-luther-king.pdf,CME Globex holiday trading hours: 2012-martin-luther-king.pdf,"PDF (pdftotext -layout), NYMEX/COMEX/Energy-Metals section: HALT 1215 CT | 1215 CT / 1315 ET - Trading halt (times CT, +1h to ET)."
2012-02-20,early_halt,13:15,18:00,https://web.archive.org/web/20120107064434/http://www.cmegroup.com/tools-information/holiday-calendar/files/2012-presidents-day.pdf,CME Globex holiday trading hours: 2012-presidents-day.pdf,"PDF (pdftotext -layout), NYMEX/COMEX/Energy-Metals section: HALT 1215 CT | 1215 CT / 1315 ET - Trading halt (times CT, +1h to ET)."
2012-04-06,closed,,2012-04-08 18:00,https://web.archive.org/web/20120107070731/http://www.cmegroup.com/tools-information/holiday-calendar/files/2012-good-friday.pdf,CME Globex holiday trading hours: 2012-good-friday.pdf,"PDF, NYMEX & COMEX and DME Products on CME Globex: 'Friday, Apr 6: No CME Globex Trading on Good Friday'; Sunday Apr 8 1700 CT open for Monday Apr 9."
2012-05-28,early_halt,13:15,18:00,https://web.archive.org/web/20120107100330/http://www.cmegroup.com/tools-information/holiday-calendar/files/2012-memorial-day.pdf,CME Globex holiday trading hours: 2012-memorial-day.pdf,"PDF (pdftotext -layout), NYMEX/COMEX/Energy-Metals section: HALT 1215 CT | 1215 CT / 1315 ET - Trading halt (times CT, +1h to ET)."
2012-07-04,early_halt,13:15,18:00,https://web.archive.org/web/20120107102749/http://www.cmegroup.com/tools-information/holiday-calendar/files/2012-4th-of-july.pdf,CME Globex holiday trading hours: 2012-4th-of-july.pdf,"PDF (pdftotext -layout), NYMEX/COMEX/Energy-Metals section: HALT 1215 CT | 1215 CT / 1315 ET - Trading halt (times CT, +1h to ET)."
2012-09-03,early_halt,13:15,18:00,https://web.archive.org/web/20120107025516/http://www.cmegroup.com/tools-information/holiday-calendar/files/2012-labor-day.pdf,CME Globex holiday trading hours: 2012-labor-day.pdf,"PDF (pdftotext -layout), NYMEX/COMEX/Energy-Metals section: HALT 1215 CT | 1215 CT / 1315 ET - Trading halt (times CT, +1h to ET)."
2012-11-22,early_halt,13:15,18:00,https://web.archive.org/web/20111125001004/http://www.cmegroup.com:80/tools-information/holiday-calendar/files/2012-thanksgiving.pdf,CME Globex holiday trading hours: 2012-thanksgiving.pdf,"PDF (pdftotext -layout), NYMEX/COMEX/Energy-Metals section: HALT 1215 CT | 1215 CT / 1315 ET - Trading halt (times CT, +1h to ET)."
2012-11-23,early_halt,13:45,,https://web.archive.org/web/20111125001004/http://www.cmegroup.com:80/tools-information/holiday-calendar/files/2012-thanksgiving.pdf,CME Globex holiday trading hours: 2012-thanksgiving.pdf,"PDF (pdftotext -layout), NYMEX/COMEX/Energy-Metals section: EARLY 1245 CT | 1245 CT / 1345 ET - Early CME Globex Close for trade date Friday, Nov 23 (times CT, +1h to ET)."
2012-12-24,early_halt,13:45,,https://web.archive.org/web/20120107060254/http://www.cmegroup.com/tools-information/holiday-calendar/files/2012-christmas.pdf,CME Globex holiday trading hours: 2012-christmas.pdf,"PDF (pdftotext -layout), NYMEX/COMEX/Energy-Metals section: EARLY 1245 CT | 1245 CT / 1345 ET - Early CME Globex Close for trade date Monday, Dec 24 (times CT, +1h to ET)."
2012-12-25,closed,,18:00,https://web.archive.org/web/20120107060254/http://www.cmegroup.com/tools-information/holiday-calendar/files/2012-christmas.pdf,CME Globex holiday trading hours: 2012-christmas.pdf,"PDF (pdftotext -layout), NYMEX/COMEX/Energy-Metals section: CLOSED  CT | Christmas Day Observed - Globex closed (times CT, +1h to ET)."
2013-01-01,closed,,18:00,https://web.archive.org/web/20120107085242/http://www.cmegroup.com/tools-information/holiday-calendar/files/2013-new-years.pdf,CME Globex holiday trading hours: 2013-new-years.pdf,"PDF (pdftotext -layout), NYMEX/COMEX/Energy-Metals section: CLOSED  CT | New Years Observed - Globex closed (times CT, +1h to ET)."
2013-01-21,early_halt,13:15,18:00,https://web.archive.org/web/20121119001609/http://www.cmegroup.com:80/tools-information/holiday-calendar/files/2013-martin-luther-king.pdf,CME Globex holiday trading hours: 2013-martin-luther-king.pdf,"PDF (pdftotext -layout), NYMEX/COMEX/Energy-Metals section: HALT 1215 CT | 1215 CT / 1315 ET - Trading halt (times CT, +1h to ET)."
2013-02-18,early_halt,13:15,18:00,https://web.archive.org/web/20121119001620/http://www.cmegroup.com:80/tools-information/holiday-calendar/files/2013-presidents-day.pdf,CME Globex holiday trading hours: 2013-presidents-day.pdf,"PDF (pdftotext -layout), NYMEX/COMEX/Energy-Metals section: HALT 1215 CT | 1215 CT / 1315 ET - Trading halt (times CT, +1h to ET)."
2013-03-29,closed,,2013-03-31 18:00,https://web.archive.org/web/20121119001558/http://www.cmegroup.com:80/tools-information/holiday-calendar/files/2013-good-friday.pdf,CME Globex holiday trading hours: 2013-good-friday.pdf,"PDF (pdftotext -layout), NYMEX/COMEX/Energy-Metals section: CLOSED  CT | CME Globex is closed (times CT, +1h to ET)."
2013-05-27,early_halt,13:15,18:00,https://web.archive.org/web/20121119001616/http://www.cmegroup.com:80/tools-information/holiday-calendar/files/2013-memorial-day.pdf,CME Globex holiday trading hours: 2013-memorial-day.pdf,"PDF (pdftotext -layout), NYMEX/COMEX/Energy-Metals section: HALT 1215 CT | 1215 CT / 1315 ET - Trading halt (times CT, +1h to ET)."
2013-07-04,early_halt,13:15,18:00,https://web.archive.org/web/20130717050333/http://www.cmegroup.com:80/tools-information/holiday-calendar/files/2013-4th-of-july-done.pdf,CME Globex holiday trading hours: 2013-4th-of-july-done.pdf,"PDF (pdftotext -layout), NYMEX/COMEX/Energy-Metals section: HALT 1215 CT | 1215 CT / 1315 ET - Trading halt (times CT, +1h to ET). Same in: 2013-4th-of-july.pdf."
2013-09-02,early_halt,13:15,18:00,https://web.archive.org/web/20121119001605/http://www.cmegroup.com:80/tools-information/holiday-calendar/files/2013-labor-day.pdf,CME Globex holiday trading hours: 2013-labor-day.pdf,"PDF (pdftotext -layout), NYMEX/COMEX/Energy-Metals section: HALT 1215 CT | 1215 CT / 1315 ET - Trading halt (times CT, +1h to ET)."
2013-11-28,early_halt,13:15,18:00,https://web.archive.org/web/20121119001625/http://www.cmegroup.com:80/tools-information/holiday-calendar/files/2013-thanksgiving.pdf,CME Globex holiday trading hours: 2013-thanksgiving.pdf,"PDF (pdftotext -layout), NYMEX/COMEX/Energy-Metals section: HALT 1215 CT | 1215 CT / 1315 ET - Trading halt (times CT, +1h to ET)."
2013-11-29,early_halt,13:45,,https://web.archive.org/web/20121119001625/http://www.cmegroup.com:80/tools-information/holiday-calendar/files/2013-thanksgiving.pdf,CME Globex holiday trading hours: 2013-thanksgiving.pdf,"PDF (pdftotext -layout), NYMEX/COMEX/Energy-Metals section: EARLY 1245 CT | 1245 CT / 1345 ET - Early close (times CT, +1h to ET)."
2013-12-24,early_halt,13:45,,https://web.archive.org/web/20121119021305/http://www.cmegroup.com:80/tools-information/holiday-calendar/files/2013-christmas.pdf,CME Globex holiday trading hours: 2013-christmas.pdf,"PDF (pdftotext -layout), NYMEX/COMEX/Energy-Metals section: EARLY 1245 CT | 1245 CT / 1345 ET - Early close (times CT, +1h to ET)."
2013-12-25,closed,,18:00,https://web.archive.org/web/20121119021305/http://www.cmegroup.com:80/tools-information/holiday-calendar/files/2013-christmas.pdf,CME Globex holiday trading hours: 2013-christmas.pdf,"PDF (pdftotext -layout), NYMEX/COMEX/Energy-Metals section: CLOSED  CT | Christmas Day Observed - Globex closed (times CT, +1h to ET)."
2014-01-01,closed,,18:00,https://web.archive.org/web/20121119021316/http://www.cmegroup.com:80/tools-information/holiday-calendar/files/2014-new-years.pdf,CME Globex holiday trading hours: 2014-new-years.pdf,"PDF (pdftotext -layout), NYMEX/COMEX/Energy-Metals section: CLOSED  CT | New Years Observed - Globex closed (times CT, +1h to ET)."
2014-01-20,early_halt,13:15,18:00,https://web.archive.org/web/20140326160215/http://www.cmegroup.com/tools-information/holiday-calendar/files/2014-martin-luther-king-holiday-schedule.pdf,CME Globex holiday trading hours: 2014-martin-luther-king-holiday-schedule.pdf,"PDF (pdftotext -layout), NYMEX/COMEX/Energy-Metals section: HALT 1215 CT | 1215 CT / 1315 ET / 1815 UTC - Trading halt (pre-open) (times CT, +1h to ET)."
2014-02-17,early_halt,13:15,18:00,https://web.archive.org/web/20140214192332/http://www.cmegroup.com/tools-information/holiday-calendar/files/2014-presidents-day-holiday-schedule.pdf,CME Globex holiday trading hours: 2014-presidents-day-holiday-schedule.pdf,"PDF (pdftotext -layout), NYMEX/COMEX/Energy-Metals section: HALT 1215 CT | 1215 CT / 1315 ET / 1815 UTC - Trading halt (pre-open) (times CT, +1h to ET)."
2014-04-18,closed,,2014-04-20 18:00,https://web.archive.org/web/20140326152735/http://www.cmegroup.com/tools-information/holiday-calendar/files/2014-good-friday-holiday-schedule.pdf,CME Globex holiday trading hours: 2014-good-friday-holiday-schedule.pdf,"PDF (pdftotext -layout), NYMEX/COMEX/Energy-Metals section: CLOSED  CT | CME Globex is closed (times CT, +1h to ET)."
2014-05-26,early_halt,13:00,18:00,https://web.archive.org/web/20140326153335/http://www.cmegroup.com/tools-information/holiday-calendar/files/2014-memorial-day-holiday-schedule.pdf,CME Globex holiday trading hours: 2014-memorial-day-holiday-schedule.pdf,"PDF (pdftotext -layout), NYMEX/COMEX/Energy-Metals section: HALT 1200 CT | 1200 CT / 1300 ET / 1700 UTC - Trading halt (pre-open) (times CT, +1h to ET)."
2014-07-04,early_halt,13:00,2014-07-06 18:00,https://web.archive.org/web/20140326153233/http://www.cmegroup.com/tools-information/holiday-calendar/files/2014-4th-of-july-holiday-schedule.pdf,CME Globex holiday trading hours: 2014-4th-of-july-holiday-schedule.pdf,"PDF (pdftotext -layout), NYMEX/COMEX/Energy-Metals section: EARLY 1200 CT | 1200 CT / 1300 ET / 1700 UTC - Early close (Day & GTD order elimination) (times CT, +1h to ET)."
2014-09-01,early_halt,13:00,18:00,https://web.archive.org/web/20140326193120/http://www.cmegroup.com/tools-information/holiday-calendar/files/2014-labor-day-holiday-schedule.pdf,CME Globex holiday trading hours: 2014-labor-day-holiday-schedule.pdf,"PDF (pdftotext -layout), NYMEX/COMEX/Energy-Metals section: HALT 1200 CT | 1200 CT / 1300 ET / 1700 UTC - Trading halt (pre-open) (times CT, +1h to ET)."
2014-11-27,early_halt,13:00,18:00,https://web.archive.org/web/20140326153754/http://www.cmegroup.com/tools-information/holiday-calendar/files/2014-thanksgiving-holiday-schedule.pdf,CME Globex holiday trading hours: 2014-thanksgiving-holiday-schedule.pdf,"PDF (pdftotext -layout), NYMEX/COMEX/Energy-Metals section: HALT 1200 CT | 1200 CT / 1300 ET / 1800 UTC - Trading halt (pre-open) (times CT, +1h to ET)."
2014-11-28,early_halt,13:45,,https://web.archive.org/web/20140326153754/http://www.cmegroup.com/tools-information/holiday-calendar/files/2014-thanksgiving-holiday-schedule.pdf,CME Globex holiday trading hours: 2014-thanksgiving-holiday-schedule.pdf,"PDF (pdftotext -layout), NYMEX/COMEX/Energy-Metals section: EARLY 1245 CT | 1245 CT / 1345 ET / 1845 UTC - Early close (times CT, +1h to ET)."
2014-12-24,early_halt,13:45,,https://web.archive.org/web/20140326153852/http://www.cmegroup.com/tools-information/holiday-calendar/files/2014-christmas-holiday-schedule.pdf,CME Globex holiday trading hours: 2014-christmas-holiday-schedule.pdf,"PDF (pdftotext -layout), NYMEX/COMEX/Energy-Metals section: EARLY 1245 CT | 1245 CT / 1345 ET / 1845 UTC - Early close (times CT, +1h to ET)."
2014-12-25,closed,,18:00,https://web.archive.org/web/20140326153852/http://www.cmegroup.com/tools-information/holiday-calendar/files/2014-christmas-holiday-schedule.pdf,CME Globex holiday trading hours: 2014-christmas-holiday-schedule.pdf,"PDF (pdftotext -layout), NYMEX/COMEX/Energy-Metals section: CLOSED  CT | Christmas Day Observed - Globex closed (times CT, +1h to ET)."
2015-01-01,closed,,18:00,https://web.archive.org/web/20140326155048/http://www.cmegroup.com/tools-information/holiday-calendar/files/2015-new-years-holiday-schedule.pdf,CME Globex holiday trading hours: 2015-new-years-holiday-schedule.pdf,"PDF (pdftotext -layout), NYMEX/COMEX/Energy-Metals section: CLOSED  CT | New Years Observed - Globex closed (times CT, +1h to ET)."
2015-01-19,early_halt,13:00,18:00,https://web.archive.org/web/20150121141012/http://www.cmegroup.com:80/tools-information/holiday-calendar/files/2015-martin-luther-king-holiday-schedule.pdf,CME Globex holiday trading hours: 2015-martin-luther-king-holiday-schedule.pdf,"PDF (pdftotext -layout), NYMEX/COMEX/Energy-Metals section: HALT 1200 CT | 1200 CT / 1300 ET / 1800 UTC - Trading halt (pre-open) (times CT, +1h to ET)."
2015-02-16,early_halt,13:00,18:00,https://web.archive.org/web/20150121192401/http://www.cmegroup.com:80/tools-information/holiday-calendar/files/2015-presidents-day-holiday-schedule.pdf,CME Globex holiday trading hours: 2015-presidents-day-holiday-schedule.pdf,"PDF (pdftotext -layout), NYMEX/COMEX/Energy-Metals section: HALT 1200 CT | 1200 CT / 1300 ET / 1800 UTC - Trading halt (pre-open) (times CT, +1h to ET)."
2015-04-03,closed,,2015-04-05 18:00,https://web.archive.org/web/20141212013901/http://www.cmegroup.com:80/tools-information/holiday-calendar/files/2015-good-friday-holiday-schedule.pdf,CME Globex holiday trading hours: 2015-good-friday-holiday-schedule.pdf,"PDF (pdftotext -layout), NYMEX/COMEX/Energy-Metals section: CLOSED  CT | CME Globex is closed (times CT, +1h to ET)."
2015-05-25,early_halt,13:00,18:00,https://web.archive.org/web/20150326113938/http://www.cmegroup.com/tools-information/holiday-calendar/files/2015-memorial-day-holiday-schedule.pdf,CME Globex holiday trading hours: 2015-memorial-day-holiday-schedule.pdf,"PDF (pdftotext -layout), NYMEX/COMEX/Energy-Metals section: HALT 1200 CT | 1200 CT / 1300 ET / 1700 UTC - Trading halt (pre-open) (times CT, +1h to ET)."
2015-07-03,early_halt,13:00,2015-07-05 18:00,https://web.archive.org/web/20141212013838/http://www.cmegroup.com:80/tools-information/holiday-calendar/files/2015-4th-of-july-holiday-schedule.pdf,CME Globex holiday trading hours: 2015-4th-of-july-holiday-schedule.pdf,"PDF (pdftotext -layout), NYMEX/COMEX/Energy-Metals section: EARLY 1200 CT | 1200 CT / 1300 ET / 1700 UTC - Early close (Day & GTD order elimination) (times CT, +1h to ET)."
2015-09-07,early_halt,13:00,18:00,https://web.archive.org/web/20150326113810/http://www.cmegroup.com/tools-information/holiday-calendar/files/2015-labor-day-holiday-schedule.pdf,CME Globex holiday trading hours: 2015-labor-day-holiday-schedule.pdf,"PDF (pdftotext -layout), NYMEX/COMEX/Energy-Metals section: HALT 1200 CT | 1200 CT / 1300 ET / 1700 UTC - Trading halt (pre-open) (times CT, +1h to ET)."
2015-11-26,early_halt,13:00,18:00,https://web.archive.org/web/20141212013936/http://www.cmegroup.com:80/tools-information/holiday-calendar/files/2015-thanksgiving-holiday-schedule.pdf,CME Globex holiday trading hours: 2015-thanksgiving-holiday-schedule.pdf,"PDF (pdftotext -layout), NYMEX/COMEX/Energy-Metals section: HALT 1200 CT | 1200 CT / 1300 ET / 1800 UTC - Trading halt (pre-open) (times CT, +1h to ET)."
2015-11-27,early_halt,13:45,,https://web.archive.org/web/20141212013936/http://www.cmegroup.com:80/tools-information/holiday-calendar/files/2015-thanksgiving-holiday-schedule.pdf,CME Globex holiday trading hours: 2015-thanksgiving-holiday-schedule.pdf,"PDF (pdftotext -layout), NYMEX/COMEX/Energy-Metals section: EARLY 1245 CT | 1245 CT / 1345 ET / 1845 UTC - Early close (times CT, +1h to ET)."
2015-12-24,early_halt,13:15,,https://web.archive.org/web/20141212013852/http://www.cmegroup.com:80/tools-information/holiday-calendar/files/2015-christmas-holiday-schedule.pdf,CME Globex holiday trading hours: 2015-christmas-holiday-schedule.pdf,"PDF (pdftotext -layout), NYMEX/COMEX/Energy-Metals section: EARLY 1245 CT | 1245 CT / 1345 ET / 1845 UTC - Early close (times CT, +1h to ET). [OBSERVED] The notice's 13:45 ET is contradicted by the 1m bars of CL and GC, which end at 13:15 ET; the table uses 13:15."
2015-12-25,closed,,2015-12-27 18:00,https://web.archive.org/web/20141212013852/http://www.cmegroup.com:80/tools-information/holiday-calendar/files/2015-christmas-holiday-schedule.pdf,CME Globex holiday trading hours: 2015-christmas-holiday-schedule.pdf,"PDF (pdftotext -layout), NYMEX/COMEX/Energy-Metals section: CLOSED  CT | Christmas Day Observed - Globex closed (times CT, +1h to ET)."
2016-01-01,closed,,2016-01-03 18:00,https://web.archive.org/web/20141212034039/http://www.cmegroup.com:80/tools-information/holiday-calendar/files/2016-new-years-holiday-schedule.pdf,CME Globex holiday trading hours: 2016-new-years-holiday-schedule.pdf,"PDF (pdftotext -layout), NYMEX/COMEX/Energy-Metals section: CLOSED  CT | New Years Observed - Globex closed (times CT, +1h to ET)."
2016-01-18,early_halt,13:00,18:00,https://web.archive.org/web/20151123061526/http://www.cmegroup.com:80/tools-information/holiday-calendar/files/2016-martin-luther-king-holiday-schedule.pdf,CME Globex holiday trading hours: 2016-martin-luther-king-holiday-schedule.pdf,"PDF (pdftotext -layout), NYMEX/COMEX/Energy-Metals section: HALT 1200 CT | 1200 CT / 1300 ET / 1800 UTC - Trading halt (pre-open) (times CT, +1h to ET). Same in: 2016-martin-luther-king-holiday-schedule.xls."
2016-02-15,early_halt,13:00,18:00,https://web.archive.org/web/20151203081738/http://www.cmegroup.com:80/tools-information/holiday-calendar/files/2016-presidents-day-holiday-schedule.pdf,CME Globex holiday trading hours: 2016-presidents-day-holiday-schedule.pdf,"PDF (pdftotext -layout), NYMEX/COMEX/Energy-Metals section: HALT 1200 CT | 1200 CT / 1300 ET / 1800 UTC - Trading halt (pre-open) (times CT, +1h to ET). Same in: 2016-presidents-day-holiday-schedule.xls."
2016-03-25,closed,,2016-03-27 18:00,https://web.archive.org/web/20151203081248/http://www.cmegroup.com:80/tools-information/holiday-calendar/files/2016-good-friday-holiday-schedule.pdf,CME Globex holiday trading hours: 2016-good-friday-holiday-schedule.pdf,"PDF (pdftotext -layout), NYMEX/COMEX/Energy-Metals section: CLOSED  CT | CME Globex is closed (times CT, +1h to ET). Same in: 2016-good-friday-holiday-schedule.xls."
2016-05-30,early_halt,13:00,18:00,https://web.archive.org/web/20151203081718/http://www.cmegroup.com:80/tools-information/holiday-calendar/files/2016-memorial-day-holiday-schedule.pdf,CME Globex holiday trading hours: 2016-memorial-day-holiday-schedule.pdf,"PDF (pdftotext -layout), NYMEX/COMEX/Energy-Metals section: HALT 1200 CT | 1200 CT / 1300 ET / 1700 UTC - Trading halt (pre-open) (times CT, +1h to ET). Same in: 2016-memorial-day-holiday-schedule.xls."
2016-07-04,early_halt,13:00,18:00,https://web.archive.org/web/20151203081215/http://www.cmegroup.com:80/tools-information/holiday-calendar/files/2016-4th-of-july-holiday-schedule.pdf,CME Globex holiday trading hours: 2016-4th-of-july-holiday-schedule.pdf,"PDF (pdftotext -layout), NYMEX/COMEX/Energy-Metals section: HALT 1200 CT | 1200 CT / 1300 ET / 1800 UTC - Trading halt (pre-open) (times CT, +1h to ET). Same in: 2016-4th-of-july-holiday-schedule.xls."
2016-09-05,early_halt,13:00,18:00,https://web.archive.org/web/20151203081259/http://www.cmegroup.com:80/tools-information/holiday-calendar/files/2016-labor-day-holiday-schedule.pdf,CME Globex holiday trading hours: 2016-labor-day-holiday-schedule.pdf,"PDF (pdftotext -layout), NYMEX/COMEX/Energy-Metals section: HALT 1200 CT | 1200 CT / 1300 ET / 1700 UTC - Trading halt (pre-open) (times CT, +1h to ET). Same in: 2016-labor-day-holiday-schedule.xls."
2016-11-24,early_halt,13:00,18:00,https://web.archive.org/web/20151203081748/http://www.cmegroup.com:80/tools-information/holiday-calendar/files/2016-thanksgiving-holiday-schedule.pdf,CME Globex holiday trading hours: 2016-thanksgiving-holiday-schedule.pdf,"PDF (pdftotext -layout), NYMEX/COMEX/Energy-Metals section: HALT 1200 CT | 1200 CT / 1300 ET / 1800 UTC - Trading halt (pre-open) (times CT, +1h to ET). Same in: 2016-thanksgiving-holiday-schedule.xls."
2016-11-25,early_halt,13:45,,https://web.archive.org/web/20151203081748/http://www.cmegroup.com:80/tools-information/holiday-calendar/files/2016-thanksgiving-holiday-schedule.pdf,CME Globex holiday trading hours: 2016-thanksgiving-holiday-schedule.pdf,"PDF (pdftotext -layout), NYMEX/COMEX/Energy-Metals section: EARLY 1245 CT | 1245 CT / 1345 ET / 1845 UTC - Early close (times CT, +1h to ET). Same in: 2016-thanksgiving-holiday-schedule.xls."
2016-12-26,closed,,18:00,https://web.archive.org/web/20151203081225/http://www.cmegroup.com:80/tools-information/holiday-calendar/files/2016-christmas-holiday-schedule.pdf,CME Globex holiday trading hours: 2016-christmas-holiday-schedule.pdf,"PDF (pdftotext -layout), NYMEX/COMEX/Energy-Metals section: CLOSED  CT | Christmas Day Observed - Globex closed (times CT, +1h to ET). Same in: 2016-christmas-holiday-schedule.xls."
2017-01-02,closed,,18:00,https://web.archive.org/web/20170628115819/http://www.cmegroup.com/tools-information/holiday-calendar/files/2016-holiday-calendars.zip,CME Globex holiday schedule XLS: 2017-new-years-holiday-schedule.xls,"XLS ""2017-new-years-holiday-schedule.xls"" extracted from CME zip http://www.cmegroup.com/tools-information/holiday-calendar/files/2016-holiday-calendars.zip; row 'Energy, Metals & DME' of the sheet (times CT, +1h to ET): CLOSED Globex Closed CT (times CT, +1h to ET)."
2017-01-16,early_halt,13:00,18:00,https://web.archive.org/web/20210126094835/https://www.cmegroup.com/tools-information/holiday-calendar/files/2017-holiday-calendars.zip,CME Globex holiday schedule XLS: 2017-martin-luther-king-holiday-schedule.xls,"XLS ""2017-martin-luther-king-holiday-schedule.xls"" extracted from CME zip https://www.cmegroup.com/tools-information/holiday-calendar/files/2017-holiday-calendars.zip; row 'Energy, Metals & DME' of the sheet (times CT, +1h to ET): HALT 12:00 CT (times CT, +1h to ET)."
2017-02-20,early_halt,13:00,18:00,https://web.archive.org/web/20210126094835/https://www.cmegroup.com/tools-information/holiday-calendar/files/2017-holiday-calendars.zip,CME Globex holiday schedule XLS: 2017-presidents-day-holiday-schedule.xls,"XLS ""2017-presidents-day-holiday-schedule.xls"" extracted from CME zip https://www.cmegroup.com/tools-information/holiday-calendar/files/2017-holiday-calendars.zip; row 'Energy, Metals & DME' of the sheet (times CT, +1h to ET): HALT 12:00 CT (times CT, +1h to ET)."
2017-04-14,closed,,2017-04-16 18:00,https://web.archive.org/web/20210126094835/https://www.cmegroup.com/tools-information/holiday-calendar/files/2017-holiday-calendars.zip,CME Globex holiday schedule XLS: 2017-good-friday-holiday-schedule.xls,"XLS ""2017-good-friday-holiday-schedule.xls"" extracted from CME zip https://www.cmegroup.com/tools-information/holiday-calendar/files/2017-holiday-calendars.zip; row 'Energy, Metals & DME' of the sheet (times CT, +1h to ET): CLOSED Globex Closed CT (times CT, +1h to ET)."
2017-05-29,early_halt,13:00,18:00,https://web.archive.org/web/20210126094835/https://www.cmegroup.com/tools-information/holiday-calendar/files/2017-holiday-calendars.zip,CME Globex holiday schedule XLS: 2017-memorial-day-holiday-schedule.xls,"XLS ""2017-memorial-day-holiday-schedule.xls"" extracted from CME zip https://www.cmegroup.com/tools-information/holiday-calendar/files/2017-holiday-calendars.zip; row 'Energy, Metals & DME' of the sheet (times CT, +1h to ET): HALT 12:00 CT (times CT, +1h to ET)."
2017-07-04,early_halt,13:00,18:00,https://web.archive.org/web/20210126094835/https://www.cmegroup.com/tools-information/holiday-calendar/files/2017-holiday-calendars.zip,CME Globex holiday schedule XLS: 2017-4th-of-july-holiday-schedule.xls,"XLS ""2017-4th-of-july-holiday-schedule.xls"" extracted from CME zip https://www.cmegroup.com/tools-information/holiday-calendar/files/2017-holiday-calendars.zip; row 'Energy, Metals & DME' of the sheet (times CT, +1h to ET): HALT 12:00 CT (times CT, +1h to ET)."
2017-09-04,early_halt,13:00,18:00,https://web.archive.org/web/20210126094835/https://www.cmegroup.com/tools-information/holiday-calendar/files/2017-holiday-calendars.zip,CME Globex holiday schedule XLS: 2017-labor-day-holiday-schedule.xls,"XLS ""2017-labor-day-holiday-schedule.xls"" extracted from CME zip https://www.cmegroup.com/tools-information/holiday-calendar/files/2017-holiday-calendars.zip; row 'Energy, Metals & DME' of the sheet (times CT, +1h to ET): HALT 12:00 CT (times CT, +1h to ET)."
2017-11-23,early_halt,13:00,18:00,https://web.archive.org/web/20210126094835/https://www.cmegroup.com/tools-information/holiday-calendar/files/2017-holiday-calendars.zip,CME Globex holiday schedule XLS: 2017-thanksgiving-holiday-schedule.xls,"XLS ""2017-thanksgiving-holiday-schedule.xls"" extracted from CME zip https://www.cmegroup.com/tools-information/holiday-calendar/files/2017-holiday-calendars.zip; row 'Energy, Metals & DME' of the sheet (times CT, +1h to ET): HALT 12:00 CT (times CT, +1h to ET)."
2017-11-24,early_halt,13:45,,https://web.archive.org/web/20210126094835/https://www.cmegroup.com/tools-information/holiday-calendar/files/2017-holiday-calendars.zip,CME Globex holiday schedule XLS: 2017-thanksgiving-holiday-schedule.xls,"XLS ""2017-thanksgiving-holiday-schedule.xls"" extracted from CME zip https://www.cmegroup.com/tools-information/holiday-calendar/files/2017-holiday-calendars.zip; row 'Energy, Metals & DME' of the sheet (times CT, +1h to ET): HALT 12:45 CT (times CT, +1h to ET)."
2017-12-25,closed,,18:00,https://web.archive.org/web/20210126094835/https://www.cmegroup.com/tools-information/holiday-calendar/files/2017-holiday-calendars.zip,CME Globex holiday schedule XLS: 2017-christmas-holiday-schedule.xls,"XLS ""2017-christmas-holiday-schedule.xls"" extracted from CME zip https://www.cmegroup.com/tools-information/holiday-calendar/files/2017-holiday-calendars.zip; row 'Energy, Metals & DME' of the sheet (times CT, +1h to ET): CLOSED Globex Closed CT (times CT, +1h to ET)."
2018-01-01,closed,,18:00,https://web.archive.org/web/20210126094835/https://www.cmegroup.com/tools-information/holiday-calendar/files/2017-holiday-calendars.zip,CME Globex holiday schedule XLS: 2018-new-years-holiday-schedule.xls,"XLS ""2018-new-years-holiday-schedule.xls"" extracted from CME zip https://www.cmegroup.com/tools-information/holiday-calendar/files/2017-holiday-calendars.zip; row 'Energy, Metals & DME' of the sheet (times CT, +1h to ET): CLOSED Globex Closed CT (times CT, +1h to ET)."
2018-01-15,early_halt,13:00,18:00,https://web.archive.org/web/20260830100225/https://www.cmegroup.com/tools-information/holiday-calendar/files/2018-holiday-calendars.zip,CME Globex holiday schedule XLS: 2018-martin-luther-king-holiday-schedule.xls,"XLS ""2018-martin-luther-king-holiday-schedule.xls"" extracted from CME zip https://www.cmegroup.com/tools-information/holiday-calendar/files/2018-holiday-calendars.zip; row 'Energy, Metals & DME' of the sheet (times CT, +1h to ET): HALT 12:00 CT (times CT, +1h to ET)."
2018-02-19,early_halt,13:00,18:00,https://web.archive.org/web/20260830100225/https://www.cmegroup.com/tools-information/holiday-calendar/files/2018-holiday-calendars.zip,CME Globex holiday schedule XLS: 2018-presidents-day-holiday-schedule.xls,"XLS ""2018-presidents-day-holiday-schedule.xls"" extracted from CME zip https://www.cmegroup.com/tools-information/holiday-calendar/files/2018-holiday-calendars.zip; row 'Energy, Metals & DME' of the sheet (times CT, +1h to ET): HALT 12:00 CT (times CT, +1h to ET)."
2018-03-30,closed,,2018-04-01 18:00,https://web.archive.org/web/20260830100225/https://www.cmegroup.com/tools-information/holiday-calendar/files/2018-holiday-calendars.zip,CME Globex holiday schedule XLS: 2018-good-friday-holiday-schedule.xls,"XLS ""2018-good-friday-holiday-schedule.xls"" extracted from CME zip https://www.cmegroup.com/tools-information/holiday-calendar/files/2018-holiday-calendars.zip; row 'Energy, Metals & DME' of the sheet (times CT, +1h to ET): CLOSED Globex Closed CT (times CT, +1h to ET)."
2018-05-28,early_halt,13:00,18:00,https://web.archive.org/web/20260830100225/https://www.cmegroup.com/tools-information/holiday-calendar/files/2018-holiday-calendars.zip,CME Globex holiday schedule XLS: 2018-memorial-day-holiday-schedule.xls,"XLS ""2018-memorial-day-holiday-schedule.xls"" extracted from CME zip https://www.cmegroup.com/tools-information/holiday-calendar/files/2018-holiday-calendars.zip; row 'Energy, Metals & DME' of the sheet (times CT, +1h to ET): HALT 12:00 CT (times CT, +1h to ET)."
2018-07-04,early_halt,13:00,18:00,https://web.archive.org/web/20260830100225/https://www.cmegroup.com/tools-information/holiday-calendar/files/2018-holiday-calendars.zip,CME Globex holiday schedule XLS: 2018-4th-of-july-holiday-schedule.xls,"XLS ""2018-4th-of-july-holiday-schedule.xls"" extracted from CME zip https://www.cmegroup.com/tools-information/holiday-calendar/files/2018-holiday-calendars.zip; row 'Energy, Metals & DME' of the sheet (times CT, +1h to ET): HALT 12:00 CT (times CT, +1h to ET)."
2018-09-03,early_halt,13:00,18:00,https://web.archive.org/web/20260830100225/https://www.cmegroup.com/tools-information/holiday-calendar/files/2018-holiday-calendars.zip,CME Globex holiday schedule XLS: 2018-labor-day-holiday-schedule.xls,"XLS ""2018-labor-day-holiday-schedule.xls"" extracted from CME zip https://www.cmegroup.com/tools-information/holiday-calendar/files/2018-holiday-calendars.zip; row 'Energy, Metals & DME' of the sheet (times CT, +1h to ET): HALT 12:00 CT (times CT, +1h to ET)."
2018-11-22,early_halt,13:00,18:00,https://web.archive.org/web/20260830100225/https://www.cmegroup.com/tools-information/holiday-calendar/files/2018-holiday-calendars.zip,CME Globex holiday schedule XLS: 2018-thanksgiving-holiday-schedule.xls,"XLS ""2018-thanksgiving-holiday-schedule.xls"" extracted from CME zip https://www.cmegroup.com/tools-information/holiday-calendar/files/2018-holiday-calendars.zip; row 'Energy, Metals & DME' of the sheet (times CT, +1h to ET): HALT 12:00 CT (times CT, +1h to ET)."
2018-11-23,early_halt,13:45,,https://web.archive.org/web/20260830100225/https://www.cmegroup.com/tools-information/holiday-calendar/files/2018-holiday-calendars.zip,CME Globex holiday schedule XLS: 2018-thanksgiving-holiday-schedule.xls,"XLS ""2018-thanksgiving-holiday-schedule.xls"" extracted from CME zip https://www.cmegroup.com/tools-information/holiday-calendar/files/2018-holiday-calendars.zip; row 'Energy, Metals & DME' of the sheet (times CT, +1h to ET): HALT 12:45 CT (times CT, +1h to ET)."
2018-12-24,early_halt,13:15,2018-12-25 18:00,https://web.archive.org/web/20260830100225/https://www.cmegroup.com/tools-information/holiday-calendar/files/2018-holiday-calendars.zip,CME Globex holiday schedule XLS: 2018-christmas-holiday-schedule.xls,"XLS ""2018-christmas-holiday-schedule.xls"" extracted from CME zip https://www.cmegroup.com/tools-information/holiday-calendar/files/2018-holiday-calendars.zip; row 'Energy, Metals & DME' of the sheet (times CT, +1h to ET): HALT 12:45 CT (times CT, +1h to ET). [OBSERVED] The notice's 13:45 ET is contradicted by the 1m bars of CL and GC, which end at 13:15 ET; the table uses 13:15."
2018-12-25,closed,,18:00,https://web.archive.org/web/20260830100225/https://www.cmegroup.com/tools-information/holiday-calendar/files/2018-holiday-calendars.zip,CME Globex holiday schedule XLS: 2018-christmas-holiday-schedule.xls,"XLS ""2018-christmas-holiday-schedule.xls"" extracted from CME zip https://www.cmegroup.com/tools-information/holiday-calendar/files/2018-holiday-calendars.zip; row 'Energy, Metals & DME' of the sheet (times CT, +1h to ET): CLOSED Globex Closed CT (times CT, +1h to ET)."
2019-01-01,closed,,18:00,https://web.archive.org/web/20260830100225/https://www.cmegroup.com/tools-information/holiday-calendar/files/2018-holiday-calendars.zip,CME Globex holiday schedule XLS: 2019-new-years-holiday-schedule.xls,"XLS ""2019-new-years-holiday-schedule.xls"" extracted from CME zip https://www.cmegroup.com/tools-information/holiday-calendar/files/2018-holiday-calendars.zip; row 'Energy, Metals & DME' of the sheet (times CT, +1h to ET): CLOSED Globex Closed CT (times CT, +1h to ET)."
2019-01-21,early_halt,13:00,18:00,https://web.archive.org/web/20210126094837/https://www.cmegroup.com/tools-information/holiday-calendar/files/2019-holiday-calendars.zip,CME Globex holiday schedule XLS: 2019-mlk-day-schedule.xls,"XLS ""2019-mlk-day-schedule.xls"" extracted from CME zip https://www.cmegroup.com/tools-information/holiday-calendar/files/2019-holiday-calendars.zip; row 'Energy, Metals & DME' of the sheet (times CT, +1h to ET): HALT 12:00 CT (times CT, +1h to ET)."
2019-02-18,early_halt,13:00,18:00,https://web.archive.org/web/20210126094837/https://www.cmegroup.com/tools-information/holiday-calendar/files/2019-holiday-calendars.zip,CME Globex holiday schedule XLS: 2019-presidents-day-schedule.xls,"XLS ""2019-presidents-day-schedule.xls"" extracted from CME zip https://www.cmegroup.com/tools-information/holiday-calendar/files/2019-holiday-calendars.zip; row 'Energy, Metals & DME' of the sheet (times CT, +1h to ET): HALT 12:00 CT (times CT, +1h to ET)."
2019-04-19,closed,,2019-04-21 18:00,https://web.archive.org/web/20210126094837/https://www.cmegroup.com/tools-information/holiday-calendar/files/2019-holiday-calendars.zip,CME Globex holiday schedule XLS: 2019-good-friday-schedule.xls,"XLS ""2019-good-friday-schedule.xls"" extracted from CME zip https://www.cmegroup.com/tools-information/holiday-calendar/files/2019-holiday-calendars.zip; row 'Energy, Metals & DME' of the sheet (times CT, +1h to ET): CLOSED Globex Closed CT (times CT, +1h to ET)."
2019-05-27,early_halt,13:00,18:00,https://web.archive.org/web/20210126094837/https://www.cmegroup.com/tools-information/holiday-calendar/files/2019-holiday-calendars.zip,CME Globex holiday schedule XLS: 2019-memorial-day-schedule.xls,"XLS ""2019-memorial-day-schedule.xls"" extracted from CME zip https://www.cmegroup.com/tools-information/holiday-calendar/files/2019-holiday-calendars.zip; row 'Energy, Metals & DME' of the sheet (times CT, +1h to ET): HALT 12:00 CT (times CT, +1h to ET)."
2019-07-04,early_halt,13:00,18:00,https://web.archive.org/web/20210126094837/https://www.cmegroup.com/tools-information/holiday-calendar/files/2019-holiday-calendars.zip,CME Globex holiday schedule XLS: 2019-independence-day-schedule.xls,"XLS ""2019-independence-day-schedule.xls"" extracted from CME zip https://www.cmegroup.com/tools-information/holiday-calendar/files/2019-holiday-calendars.zip; row 'Energy, Metals & DME' of the sheet (times CT, +1h to ET): HALT 12:00 CT (times CT, +1h to ET)."
2019-09-02,early_halt,13:00,18:00,https://web.archive.org/web/20210126094837/https://www.cmegroup.com/tools-information/holiday-calendar/files/2019-holiday-calendars.zip,CME Globex holiday schedule XLS: 2019-labor-day-schedule.xls,"XLS ""2019-labor-day-schedule.xls"" extracted from CME zip https://www.cmegroup.com/tools-information/holiday-calendar/files/2019-holiday-calendars.zip; row 'Energy, Metals & DME' of the sheet (times CT, +1h to ET): HALT 12:00 CT (times CT, +1h to ET)."
2019-11-28,early_halt,13:00,18:00,https://web.archive.org/web/20210126094837/https://www.cmegroup.com/tools-information/holiday-calendar/files/2019-holiday-calendars.zip,CME Globex holiday schedule XLS: 2019-thanksgiving-schedule.xls,"XLS ""2019-thanksgiving-schedule.xls"" extracted from CME zip https://www.cmegroup.com/tools-information/holiday-calendar/files/2019-holiday-calendars.zip; row 'Energy, Metals & DME' of the sheet (times CT, +1h to ET): HALT 12:00 CT (times CT, +1h to ET)."
2019-11-29,early_halt,13:45,,https://web.archive.org/web/20210126094837/https://www.cmegroup.com/tools-information/holiday-calendar/files/2019-holiday-calendars.zip,CME Globex holiday schedule XLS: 2019-thanksgiving-schedule.xls,"XLS ""2019-thanksgiving-schedule.xls"" extracted from CME zip https://www.cmegroup.com/tools-information/holiday-calendar/files/2019-holiday-calendars.zip; row 'Energy, Metals & DME' of the sheet (times CT, +1h to ET): HALT 12:45 CT (times CT, +1h to ET)."
2019-12-24,early_halt,13:45,2019-12-25 18:00,https://web.archive.org/web/20210126094837/https://www.cmegroup.com/tools-information/holiday-calendar/files/2019-holiday-calendars.zip,CME Globex holiday schedule XLS: 2019-christmas-holiday-schedule.xls,"XLS ""2019-christmas-holiday-schedule.xls"" extracted from CME zip https://www.cmegroup.com/tools-information/holiday-calendar/files/2019-holiday-calendars.zip; row 'Energy, Metals & DME' of the sheet (times CT, +1h to ET): HALT 12:45 CT (times CT, +1h to ET)."
2019-12-25,closed,,18:00,https://web.archive.org/web/20210126094837/https://www.cmegroup.com/tools-information/holiday-calendar/files/2019-holiday-calendars.zip,CME Globex holiday schedule XLS: 2019-christmas-holiday-schedule.xls,"XLS ""2019-christmas-holiday-schedule.xls"" extracted from CME zip https://www.cmegroup.com/tools-information/holiday-calendar/files/2019-holiday-calendars.zip; row 'Energy, Metals & DME' of the sheet (times CT, +1h to ET): CLOSED Globex Closed CT (times CT, +1h to ET)."
2020-01-01,closed,,18:00,https://web.archive.org/web/20210126094837/https://www.cmegroup.com/tools-information/holiday-calendar/files/2019-holiday-calendars.zip,CME Globex holiday schedule XLS: 2019-2020-new-years-holiday-schedule.xls,"XLS ""2019-2020-new-years-holiday-schedule.xls"" extracted from CME zip https://www.cmegroup.com/tools-information/holiday-calendar/files/2019-holiday-calendars.zip; row 'Energy, Metals & DME' of the sheet (times CT, +1h to ET): CLOSED Globex Closed CT (times CT, +1h to ET)."
2020-01-20,early_halt,13:00,18:00,https://web.archive.org/web/20260730111834/https://www.cmegroup.com/tools-information/holiday-calendar/files/2020-holiday-calendars.zip,CME Globex holiday schedule XLS: 2020-mlk-day-schedule.xls,"XLS ""2020-mlk-day-schedule.xls"" extracted from CME zip https://www.cmegroup.com/tools-information/holiday-calendar/files/2020-holiday-calendars.zip; row 'Energy, Metals & DME' of the sheet (times CT, +1h to ET): HALT 12:00 CT (times CT, +1h to ET)."
2020-02-17,early_halt,13:00,18:00,https://web.archive.org/web/20260730111834/https://www.cmegroup.com/tools-information/holiday-calendar/files/2020-holiday-calendars.zip,CME Globex holiday schedule XLS: 2020-presidents-day-schedule.xls,"XLS ""2020-presidents-day-schedule.xls"" extracted from CME zip https://www.cmegroup.com/tools-information/holiday-calendar/files/2020-holiday-calendars.zip; row 'Energy, Metals & DME' of the sheet (times CT, +1h to ET): HALT 12:00 CT (times CT, +1h to ET)."
2020-04-10,closed,,2020-04-12 18:00,https://web.archive.org/web/20260730111834/https://www.cmegroup.com/tools-information/holiday-calendar/files/2020-holiday-calendars.zip,CME Globex holiday schedule XLS: 2020-good-friday-schedule.xls,"XLS ""2020-good-friday-schedule.xls"" extracted from CME zip https://www.cmegroup.com/tools-information/holiday-calendar/files/2020-holiday-calendars.zip; row 'Energy, Metals & DME' of the sheet (times CT, +1h to ET): CLOSED Globex Closed CT (times CT, +1h to ET)."
2020-05-25,early_halt,13:00,18:00,https://web.archive.org/web/20260730111834/https://www.cmegroup.com/tools-information/holiday-calendar/files/2020-holiday-calendars.zip,CME Globex holiday schedule XLS: 2020-memorial-day-schedule.xls,"XLS ""2020-memorial-day-schedule.xls"" extracted from CME zip https://www.cmegroup.com/tools-information/holiday-calendar/files/2020-holiday-calendars.zip; row 'Energy, Metals & DME' of the sheet (times CT, +1h to ET): HALT 12:00 CT (times CT, +1h to ET)."
2020-07-03,early_halt,13:00,2020-07-05 18:00,https://web.archive.org/web/20260730111834/https://www.cmegroup.com/tools-information/holiday-calendar/files/2020-holiday-calendars.zip,CME Globex holiday schedule XLS: 2020-independence-day-schedule.xls,"XLS ""2020-independence-day-schedule.xls"" extracted from CME zip https://www.cmegroup.com/tools-information/holiday-calendar/files/2020-holiday-calendars.zip; row 'Energy, Metals & DME' of the sheet (times CT, +1h to ET): HALT 12:00 CT (times CT, +1h to ET)."
2020-09-07,early_halt,13:00,18:00,https://web.archive.org/web/20260730111834/https://www.cmegroup.com/tools-information/holiday-calendar/files/2020-holiday-calendars.zip,CME Globex holiday schedule XLS: 2020-labor-day-schedule.xls,"XLS ""2020-labor-day-schedule.xls"" extracted from CME zip https://www.cmegroup.com/tools-information/holiday-calendar/files/2020-holiday-calendars.zip; row 'Energy, Metals & DME' of the sheet (times CT, +1h to ET): HALT 12:00 CT (times CT, +1h to ET)."
2020-11-26,early_halt,13:00,18:00,https://web.archive.org/web/20260730111834/https://www.cmegroup.com/tools-information/holiday-calendar/files/2020-holiday-calendars.zip,CME Globex holiday schedule XLS: 2020-thanksgiving-schedule.xls,"XLS ""2020-thanksgiving-schedule.xls"" extracted from CME zip https://www.cmegroup.com/tools-information/holiday-calendar/files/2020-holiday-calendars.zip; row 'Energy, Metals & DME' of the sheet (times CT, +1h to ET): HALT 12:00 CT (times CT, +1h to ET)."
2020-11-27,early_halt,13:45,,https://web.archive.org/web/20260730111834/https://www.cmegroup.com/tools-information/holiday-calendar/files/2020-holiday-calendars.zip,CME Globex holiday schedule XLS: 2020-thanksgiving-schedule.xls,"XLS ""2020-thanksgiving-schedule.xls"" extracted from CME zip https://www.cmegroup.com/tools-information/holiday-calendar/files/2020-holiday-calendars.zip; row 'Energy, Metals & DME' of the sheet (times CT, +1h to ET): HALT 12:45 CT (times CT, +1h to ET)."
2020-12-24,early_halt,13:45,2020-12-27 18:00,https://web.archive.org/web/20260730111834/https://www.cmegroup.com/tools-information/holiday-calendar/files/2020-holiday-calendars.zip,CME Globex holiday schedule XLS: 2020-christmas-holiday-schedule.xls,"XLS ""2020-christmas-holiday-schedule.xls"" extracted from CME zip https://www.cmegroup.com/tools-information/holiday-calendar/files/2020-holiday-calendars.zip; row 'Energy, Metals & DME' of the sheet (times CT, +1h to ET): HALT 12:45 CT (times CT, +1h to ET)."
2020-12-25,closed,,2020-12-27 18:00,https://web.archive.org/web/20260730111834/https://www.cmegroup.com/tools-information/holiday-calendar/files/2020-holiday-calendars.zip,CME Globex holiday schedule XLS: 2020-christmas-holiday-schedule.xls,"XLS ""2020-christmas-holiday-schedule.xls"" extracted from CME zip https://www.cmegroup.com/tools-information/holiday-calendar/files/2020-holiday-calendars.zip; row 'Energy, Metals & DME' of the sheet (times CT, +1h to ET): CLOSED Globex Closed CT (times CT, +1h to ET)."
2021-01-01,closed,,2021-01-03 18:00,https://web.archive.org/web/20260730111834/https://www.cmegroup.com/tools-information/holiday-calendar/files/2020-holiday-calendars.zip,CME Globex holiday schedule XLS: 2021-new-years-holiday-schedule.xls,"XLS ""2021-new-years-holiday-schedule.xls"" extracted from CME zip https://www.cmegroup.com/tools-information/holiday-calendar/files/2020-holiday-calendars.zip; row 'Energy, Metals & DME' of the sheet (times CT, +1h to ET): CLOSED Globex Closed CT (times CT, +1h to ET)."
2021-01-18,early_halt,13:00,18:00,https://web.archive.org/web/20260830100327/https://www.cmegroup.com/tools-information/holiday-calendar/files/2021-holiday-calendars.zip,CME Globex holiday schedule XLS: 2021-mlk-day-holiday-schedule.xls,"XLS ""2021-mlk-day-holiday-schedule.xls"" extracted from CME zip https://www.cmegroup.com/tools-information/holiday-calendar/files/2021-holiday-calendars.zip; row 'Energy, Metals & DME' of the sheet (times CT, +1h to ET): HALT 12:00 CT (times CT, +1h to ET)."
2021-02-15,early_halt,13:00,18:00,https://web.archive.org/web/20260830100327/https://www.cmegroup.com/tools-information/holiday-calendar/files/2021-holiday-calendars.zip,CME Globex holiday schedule XLS: 2021-presidents-day-holiday-schedule.xls,"XLS ""2021-presidents-day-holiday-schedule.xls"" extracted from CME zip https://www.cmegroup.com/tools-information/holiday-calendar/files/2021-holiday-calendars.zip; row 'Energy, Metals & DME' of the sheet (times CT, +1h to ET): HALT 12:00 CT (times CT, +1h to ET)."
2021-04-02,closed,,2021-04-04 18:00,https://web.archive.org/web/20260830100327/https://www.cmegroup.com/tools-information/holiday-calendar/files/2021-holiday-calendars.zip,CME Globex holiday schedule XLS: 2021-good-friday-holiday-schedule.xls,"XLS ""2021-good-friday-holiday-schedule.xls"" extracted from CME zip https://www.cmegroup.com/tools-information/holiday-calendar/files/2021-holiday-calendars.zip; row 'Energy, Metals & DME' of the sheet (times CT, +1h to ET): CLOSED Globex Closed CT (times CT, +1h to ET)."
2021-05-31,early_halt,13:00,18:00,https://web.archive.org/web/20260830100327/https://www.cmegroup.com/tools-information/holiday-calendar/files/2021-holiday-calendars.zip,CME Globex holiday schedule XLS: 2021-memorial-day-holiday-schedule.xls,"XLS ""2021-memorial-day-holiday-schedule.xls"" extracted from CME zip https://www.cmegroup.com/tools-information/holiday-calendar/files/2021-holiday-calendars.zip; row 'Energy, Metals & DME' of the sheet (times CT, +1h to ET): HALT 12:00 CT (times CT, +1h to ET)."
2021-07-05,early_halt,13:00,18:00,https://web.archive.org/web/20260830100327/https://www.cmegroup.com/tools-information/holiday-calendar/files/2021-holiday-calendars.zip,CME Globex holiday schedule XLS: 2021-independence-day-holiday-schedule.xls,"XLS ""2021-independence-day-holiday-schedule.xls"" extracted from CME zip https://www.cmegroup.com/tools-information/holiday-calendar/files/2021-holiday-calendars.zip; row 'Energy, Metals & DME' of the sheet (times CT, +1h to ET): HALT 12:00 CT (times CT, +1h to ET)."
2021-09-06,early_halt,13:00,18:00,https://web.archive.org/web/20260830100327/https://www.cmegroup.com/tools-information/holiday-calendar/files/2021-holiday-calendars.zip,CME Globex holiday schedule XLS: 2021-labor-day-holiday-schedule.xls,"XLS ""2021-labor-day-holiday-schedule.xls"" extracted from CME zip https://www.cmegroup.com/tools-information/holiday-calendar/files/2021-holiday-calendars.zip; row 'Energy, Metals & DME' of the sheet (times CT, +1h to ET): HALT 12:00 CT (times CT, +1h to ET)."
2021-11-25,early_halt,13:00,18:00,https://web.archive.org/web/20260830100327/https://www.cmegroup.com/tools-information/holiday-calendar/files/2021-holiday-calendars.zip,CME Globex holiday schedule XLS: 2021-thanksgiving-holiday-schedule.xls,"XLS ""2021-thanksgiving-holiday-schedule.xls"" extracted from CME zip https://www.cmegroup.com/tools-information/holiday-calendar/files/2021-holiday-calendars.zip; row 'Energy, Metals & DME' of the sheet (times CT, +1h to ET): HALT 12:00 CT (times CT, +1h to ET)."
2021-11-26,early_halt,13:45,,https://web.archive.org/web/20260830100327/https://www.cmegroup.com/tools-information/holiday-calendar/files/2021-holiday-calendars.zip,CME Globex holiday schedule XLS: 2021-thanksgiving-holiday-schedule.xls,"XLS ""2021-thanksgiving-holiday-schedule.xls"" extracted from CME zip https://www.cmegroup.com/tools-information/holiday-calendar/files/2021-holiday-calendars.zip; row 'Energy, Metals & DME' of the sheet (times CT, +1h to ET): HALT 12:45 CT (times CT, +1h to ET)."
2021-12-24,closed,,2021-12-26 18:00,https://web.archive.org/web/20260830100327/https://www.cmegroup.com/tools-information/holiday-calendar/files/2021-holiday-calendars.zip,CME Globex holiday schedule XLS: 2021-christmas-holiday-schedule.xls,"XLS ""2021-christmas-holiday-schedule.xls"" extracted from CME zip https://www.cmegroup.com/tools-information/holiday-calendar/files/2021-holiday-calendars.zip; row 'Energy, Metals & DME' of the sheet (times CT, +1h to ET): CLOSED Globex Closed CT (times CT, +1h to ET)."
2022-01-17,early_halt,13:00,18:00,https://web.archive.org/web/20220117212230/https://www.cmegroup.com/tools-information/holiday-calendar/files/2022-mlk-day-holiday-schedule.xls,CME Globex holiday schedule XLS: 2022-mlk-day-holiday-schedule.xls,"XLS fetched directly from https://www.cmegroup.com/tools-information/holiday-calendar/files/2022-mlk-day-holiday-schedule.xls; row 'Energy, Metals & DME' of the sheet (times CT, +1h to ET): HALT 13:30 CT (times CT, +1h to ET). [OBSERVED] The notice's 14:30 ET is contradicted by the 1m bars of CL and GC, which end at 13:00 ET; the table uses 13:00."
2022-02-21,early_halt,13:00,18:00,https://web.archive.org/web/20220704073810/https://www.cmegroup.com/tools-information/holiday-calendar/files/2022-presidents-day-holiday-schedule.xls,CME Globex holiday schedule XLS: 2022-presidents-day-holiday-schedule.xls,"XLS fetched directly from https://www.cmegroup.com/tools-information/holiday-calendar/files/2022-presidents-day-holiday-schedule.xls; row 'Energy, Metals & DME' of the sheet (times CT, +1h to ET): HALT 13:30 CT (times CT, +1h to ET). [OBSERVED] The notice's 14:30 ET is contradicted by the 1m bars of CL and GC, which end at 13:00 ET; the table uses 13:00."
2022-04-15,closed,,2022-04-17 18:00,https://web.archive.org/web/20220704065501/https://www.cmegroup.com/tools-information/holiday-calendar/files/2022-good-friday-holiday-schedule.xls,CME Globex holiday schedule XLS: 2022-good-friday-holiday-schedule.xls,"XLS fetched directly from https://www.cmegroup.com/tools-information/holiday-calendar/files/2022-good-friday-holiday-schedule.xls; row 'Energy, Metals & DME' of the sheet (times CT, +1h to ET): CLOSED Globex Closed CT (times CT, +1h to ET)."
2022-05-30,early_halt,13:00,18:00,https://web.archive.org/web/20220704065438/https://www.cmegroup.com/tools-information/holiday-calendar/files/2022-memorial-day-holiday-schedule.xls,CME Globex holiday schedule XLS: 2022-memorial-day-holiday-schedule.xls,"XLS fetched directly from https://www.cmegroup.com/tools-information/holiday-calendar/files/2022-memorial-day-holiday-schedule.xls; row 'Energy, Metals & DME' of the sheet (times CT, +1h to ET): HALT 13:30 CT (times CT, +1h to ET). [OBSERVED] The notice's 14:30 ET is contradicted by the 1m bars of CL and GC, which end at 13:00 ET; the table uses 13:00."
2022-06-20,early_halt,14:30,18:00,https://web.archive.org/web/20220620200210/https://www.cmegroup.com/tools-information/holiday-calendar/files/2022-juneteenth-holiday-schedule.xls,CME Globex holiday schedule XLS: 2022-juneteenth-holiday-schedule.xls,"XLS fetched directly from https://www.cmegroup.com/tools-information/holiday-calendar/files/2022-juneteenth-holiday-schedule.xls; row 'Energy, Metals & DME' of the sheet (times CT, +1h to ET): HALT 13:30 CT (times CT, +1h to ET)."
2022-07-04,early_halt,13:00,18:00,https://web.archive.org/web/20220704065450/https://www.cmegroup.com/tools-information/holiday-calendar/files/2022-independence-day-holiday-schedule.xls,CME Globex holiday schedule XLS: 2022-independence-day-holiday-schedule.xls,"XLS fetched directly from https://www.cmegroup.com/tools-information/holiday-calendar/files/2022-independence-day-holiday-schedule.xls; row 'Energy, Metals & DME' of the sheet (times CT, +1h to ET): HALT 13:30 CT (times CT, +1h to ET). [OBSERVED] The notice's 14:30 ET is contradicted by the 1m bars of CL and GC, which end at 13:00 ET; the table uses 13:00."
2022-09-05,early_halt,13:00,18:00,https://web.archive.org/web/20220704065441/https://www.cmegroup.com/tools-information/holiday-calendar/files/2022-labor-day-holiday-schedule.xls,CME Globex holiday schedule XLS: 2022-labor-day-holiday-schedule.xls,"XLS fetched directly from https://www.cmegroup.com/tools-information/holiday-calendar/files/2022-labor-day-holiday-schedule.xls; row 'Energy, Metals & DME' of the sheet (times CT, +1h to ET): HALT 13:30 CT (times CT, +1h to ET). [OBSERVED] The notice's 14:30 ET is contradicted by the 1m bars of CL and GC, which end at 13:00 ET; the table uses 13:00."
2022-11-24,early_halt,13:00,18:00,https://web.archive.org/web/20220704065423/https://www.cmegroup.com/tools-information/holiday-calendar/files/2022-thanksgiving-holiday-schedule.xls,CME Globex holiday schedule XLS: 2022-thanksgiving-holiday-schedule.xls,"XLS fetched directly from https://www.cmegroup.com/tools-information/holiday-calendar/files/2022-thanksgiving-holiday-schedule.xls; row 'Energy, Metals & DME' of the sheet (times CT, +1h to ET): HALT 13:30 CT (times CT, +1h to ET). [OBSERVED] The notice's 14:30 ET is contradicted by the 1m bars of CL and GC, which end at 13:00 ET; the table uses 13:00."
2022-11-25,early_halt,13:45,,https://web.archive.org/web/20220704065423/https://www.cmegroup.com/tools-information/holiday-calendar/files/2022-thanksgiving-holiday-schedule.xls,CME Globex holiday schedule XLS: 2022-thanksgiving-holiday-schedule.xls,"XLS fetched directly from https://www.cmegroup.com/tools-information/holiday-calendar/files/2022-thanksgiving-holiday-schedule.xls; row 'Energy, Metals & DME' of the sheet (times CT, +1h to ET): HALT 12:45 CT (times CT, +1h to ET)."
2022-12-26,closed,,18:00,https://web.archive.org/web/20220704065430/https://www.cmegroup.com/tools-information/holiday-calendar/files/2022-christmas-holiday-schedule.xls,CME Globex holiday schedule XLS: 2022-christmas-holiday-schedule.xls,"XLS fetched directly from https://www.cmegroup.com/tools-information/holiday-calendar/files/2022-christmas-holiday-schedule.xls; row 'Energy, Metals & DME' of the sheet (times CT, +1h to ET): CLOSED Globex Closed CT (times CT, +1h to ET)."
2023-01-02,closed,,18:00,https://web.archive.org/web/20220128031643/https://www.cmegroup.com/tools-information/holiday-calendar/files/2023-new-years-advisory.pdf,"CME Group Clearing advisory: New Year's Day January 2, 2023 (Observed)","CME Clearing memo: no intraday or end-of-day cycle, no settlement file on 2023-01-02; it gives no Globex hours. No bars for CL on the date (GC too). No 2023 CME Globex hours notice for this date survives in the Wayback captures (API captures for 2023 are empty)."
2023-01-16,early_halt,13:30,18:00,https://web.archive.org/web/20230203071256/https://www.cmegroup.com/tools-information/holiday-calendar/files/2023-mlk-day-advisory.pdf,"CME Group Clearing advisory: Dr. Martin Luther King Jr. Day, January 16, 2023","CME Clearing memo: holiday processing schedule (no settlement, no ITD cycle); it gives no Globex hours. Halt time read from the 1m bars of CL and GC (both end 13:30 ET). No 2023 Globex hours notice survives (no tradinghours PDF, the XLS is compact MGEX/DME only, the 2023 API captures are empty)."
2023-02-20,early_halt,13:30,18:00,https://web.archive.org/web/20230203070709/https://www.cmegroup.com/tools-information/holiday-calendar/files/2023-presidents-day-advisory.pdf,"CME Group Clearing advisory: Presidents Day, February 20, 2023",CME Clearing memo: holiday processing schedule; it gives no Globex hours. Halt time read from the 1m bars of CL and GC (both end 13:30 ET). No 2023 Globex hours notice survives for this date.
2023-04-07,closed,,2023-04-09 18:00,https://web.archive.org/web/20230203065333/https://www.cmegroup.com/tools-information/holiday-calendar/files/2023-good-friday-advisory.pdf,"CME Group Clearing advisory: Good Friday, April 7th, 2023 (second correction)","CME Clearing memo: only equities (including Bitcoin and Ether) are listed as open for an abbreviated session on 2023-04-07; the memo lists no energy or metals trading. CL has no bars on the date. GC has no bars from 2023-04-06 to 2023-04-14 (store gap), so GC's closure is not data-checked."
2023-05-29,early_halt,13:30,18:00,https://web.archive.org/web/20230420224018/https://www.cmegroup.com/trading-hours/files/memorial-day-2023.pdf,CME Group trading hours: Memorial Day 2023 (PDF),"The 2023 PDF is a jumbled text extraction (stacked per-product columns), so the halt time is read from the 1m bars of CL and GC (both end at the same minute), cross-checked against the 12:00 / 13:30 / 12:45 CT events the PDF lists."
2023-06-19,early_halt,14:30,18:00,https://web.archive.org/web/20230613185949/https://www.cmegroup.com/trading-hours/files/juneteenth-2023.pdf,CME Group trading hours: Juneteenth 2023 (PDF),"The 2023 PDF is a jumbled text extraction (stacked per-product columns), so the halt time is read from the 1m bars of CL and GC (both end at the same minute), cross-checked against the 12:00 / 13:30 / 12:45 CT events the PDF lists."
2023-07-04,early_halt,13:30,18:00,https://web.archive.org/web/20230627125057/https://www.cmegroup.com/trading-hours/files/4th-of-july-2023.pdf,CME Group trading hours: Independence Day 2023 (PDF),"The 2023 PDF is a jumbled text extraction (stacked per-product columns), so the halt time is read from the 1m bars of CL and GC (both end at the same minute), cross-checked against the 12:00 / 13:30 / 12:45 CT events the PDF lists."
2023-09-04,early_halt,13:00,18:00,https://web.archive.org/web/20230802192446/https://www.cmegroup.com/trading-hours/files/labor-day-2023.pdf,CME Group trading hours: Labor Day 2023 (PDF),"PDF: Monday 4 Sep, Energy block '12:00 (PREOPEN) HALT, 17:00 (OPEN)' = 13:00 ET; the 1m bars of CL and GC end 13:00 ET. The CME API capture for the same date says '13:30 preopen' (14:30 ET), which the bars contradict: the PDF is used. The 2023 PDF is a jumbled text extraction (stacked per-product columns), so the halt time is read from the 1m bars of CL and GC (both end at the same minute), cross-checked against the 12:00 / 13:30 / 12:45 CT events the PDF lists."
2023-11-23,early_halt,14:30,18:00,https://web.archive.org/web/20231203205929/https://www.cmegroup.com/trading-hours/files/thanksgiving-day-2023.pdf,CME Group trading hours: Thanksgiving Day 2023 (PDF),"The 2023 PDF is a jumbled text extraction (stacked per-product columns), so the halt time is read from the 1m bars of CL and GC (both end at the same minute), cross-checked against the 12:00 / 13:30 / 12:45 CT events the PDF lists."
2023-11-24,early_halt,13:45,,https://web.archive.org/web/20231203205929/https://www.cmegroup.com/trading-hours/files/thanksgiving-day-2023.pdf,CME Group trading hours: Thanksgiving Day 2023 (PDF),PDF: Friday 24 Nov lists '12:45 (CLOSED)' (CT) = 13:45 ET; the 1m bars of CL and GC end 13:45 ET.
2023-12-25,closed,,18:00,"https://web.archive.org/web/20241220155339/https://www.cmegroup.com/services/trading-hours-by-product?id=316,133,425,300,58,437,22,8478,5201,10191&pageNumber=1&pageSize=999&sortAsc=true&fromEventDate=2023-12-24&toEventDate=2023-12-26&isProtected&_t=1734710019523","CME trading-hours-by-product API, CL, 2023-12-24_2023-12-26","JSON from the CME services API (trading-hours-by-product, product CL). Times CT, +1h to ET. Events on 2023-12-25: 16:00 preopen, 17:00 open. No day session (only the evening pre-open/open): closed, INFERRED from the absence of a day session."
2024-01-01,closed,,18:00,https://web.archive.org/web/20260811165716/https://www.cmegroup.com/trading-hours/files/new-years-day-2024.pdf,CME Group trading hours: New Year's Day 2024 (PDF),"PDF: Monday 1 Jan 2024, Energy and Metals rows show only '16:00 (PREOPEN) 17:00 (OPEN)' for trade date Tue 2 Jan (no day session on the 1st)."
2024-01-15,early_halt,13:30,18:00,"https://web.archive.org/web/20241220155339/https://www.cmegroup.com/services/trading-hours-by-product?id=316,133,425,300,58,437,22,8478,5201,10191&pageNumber=1&pageSize=999&sortAsc=true&fromEventDate=2024-01-14&toEventDate=2024-01-16&isProtected&_t=1734710019526","CME trading-hours-by-product API, CL, 2024-01-14_2024-01-16","JSON from the CME services API (trading-hours-by-product, product CL). Times CT, +1h to ET. Events on 2024-01-15: 13:30 preopen, 17:00 open. [OBSERVED] The notice's 14:30 ET is contradicted by the 1m bars of CL and GC, which end at 13:30 ET; the table uses 13:30."
2024-02-19,early_halt,13:30,18:00,"https://web.archive.org/web/20240708161439/https://www.cmegroup.com/services/trading-hours-by-product?id=316,133,425,300,58,437,22,8478,5201,10191&pageNumber=1&pageSize=999&sortAsc=true&fromEventDate=2024-02-18&toEventDate=2024-02-20&isProtected&_t=1720455278669","CME trading-hours-by-product API, CL, 2024-02-18_2024-02-20 (Wayback 2024-07-08 capture)","JSON from the CME services API (trading-hours-by-product, product CL). Times CT, +1h to ET. Events on 2024-02-19: 13:30 preopen, 17:00 open. [OBSERVED] The notice's 14:30 ET is contradicted by the 1m bars of CL and GC, which end at 13:30 ET; the table uses 13:30."
2024-03-29,closed,,,"https://web.archive.org/web/20240708161439/https://www.cmegroup.com/services/trading-hours-by-product?id=316,133,425,300,58,437,22,8478,5201,10191&pageNumber=1&pageSize=999&sortAsc=true&fromEventDate=2024-03-28&toEventDate=2024-03-30&isProtected&_t=1720455278672","CME trading-hours-by-product API, CL, 2024-03-28_2024-03-30 (Wayback 2024-07-08 capture)","JSON from the CME services API (trading-hours-by-product, product CL). Times CT, +1h to ET. Events on 2024-03-29: . No events on a weekday while the same capture returns events for the neighbouring days: closed, INFERRED."
2024-05-27,early_halt,14:30,18:00,"https://web.archive.org/web/20241220155339/https://www.cmegroup.com/services/trading-hours-by-product?id=316,133,425,300,58,437,22,8478,5201,10191&pageNumber=1&pageSize=999&sortAsc=true&fromEventDate=2024-05-26&toEventDate=2024-05-28&isProtected&_t=1734710019531","CME trading-hours-by-product API, CL, 2024-05-26_2024-05-28","JSON from the CME services API (trading-hours-by-product, product CL). Times CT, +1h to ET. Events on 2024-05-27: 13:30 preopen, 17:00 open."
2024-06-19,early_halt,14:30,18:00,"https://web.archive.org/web/20241220155340/https://www.cmegroup.com/services/trading-hours-by-product?id=316,133,425,300,58,437,22,8478,5201,10191&pageNumber=1&pageSize=999&sortAsc=true&fromEventDate=2024-06-18&toEventDate=2024-06-20&isProtected&_t=1734710019532","CME trading-hours-by-product API, CL, 2024-06-18_2024-06-20","JSON from the CME services API (trading-hours-by-product, product CL). Times CT, +1h to ET. Events on 2024-06-19: 13:30 preopen, 17:00 open."
2024-07-04,early_halt,13:30,18:00,"https://web.archive.org/web/20241220155340/https://www.cmegroup.com/services/trading-hours-by-product?id=316,133,425,300,58,437,22,8478,5201,10191&pageNumber=1&pageSize=999&sortAsc=true&fromEventDate=2024-07-03&toEventDate=2024-07-05&isProtected&_t=1734710019533","CME trading-hours-by-product API, CL, 2024-07-03_2024-07-05","JSON from the CME services API (trading-hours-by-product, product CL). Times CT, +1h to ET. Events on 2024-07-04: 13:30 preopen, 17:00 open. [OBSERVED] The notice's 14:30 ET is contradicted by the 1m bars of CL and GC, which end at 13:30 ET; the table uses 13:30."
2024-09-02,early_halt,14:30,18:00,"https://web.archive.org/web/20241220155340/https://www.cmegroup.com/services/trading-hours-by-product?id=316,133,425,300,58,437,22,8478,5201,10191&pageNumber=1&pageSize=999&sortAsc=true&fromEventDate=2024-09-01&toEventDate=2024-09-03&isProtected&_t=1734710019534","CME trading-hours-by-product API, CL, 2024-09-01_2024-09-03","JSON from the CME services API (trading-hours-by-product, product CL). Times CT, +1h to ET. Events on 2024-09-02: 13:30 preopen, 17:00 open."
2024-11-28,early_halt,14:30,18:00,"https://web.archive.org/web/20240708161439/https://www.cmegroup.com/services/trading-hours-by-product?id=316,133,425,300,58,437,22,8478,5201,10191&pageNumber=1&pageSize=999&sortAsc=true&fromEventDate=2024-11-27&toEventDate=2024-11-29&isProtected&_t=1720455278685","CME trading-hours-by-product API, CL, 2024-11-27_2024-11-29 (Wayback 2024-07-08 capture)","JSON from the CME services API (trading-hours-by-product, product CL). Times CT, +1h to ET. Events on 2024-11-28: 13:30 preopen, 17:00 open."
2024-11-29,early_halt,14:45,,"https://web.archive.org/web/20240708161439/https://www.cmegroup.com/services/trading-hours-by-product?id=316,133,425,300,58,437,22,8478,5201,10191&pageNumber=1&pageSize=999&sortAsc=true&fromEventDate=2024-11-27&toEventDate=2024-11-29&isProtected&_t=1720455278685","CME trading-hours-by-product API, CL, 2024-11-27_2024-11-29 (Wayback 2024-07-08 capture)","JSON from the CME services API (trading-hours-by-product, product CL). Times CT, +1h to ET. Events on 2024-11-29: 13:45 closed."
2024-12-24,early_halt,13:45,2024-12-25 18:00,"https://web.archive.org/web/20240708161439/https://www.cmegroup.com/services/trading-hours-by-product?id=316,133,425,300,58,437,22,8478,5201,10191&pageNumber=1&pageSize=999&sortAsc=true&fromEventDate=2024-12-24&toEventDate=2024-12-26&isProtected&_t=1720455278686","CME trading-hours-by-product API, CL, 2024-12-24_2024-12-26 (Wayback 2024-07-08 capture)","JSON from the CME services API (trading-hours-by-product, product CL). Times CT, +1h to ET. Events on 2024-12-24: 12:45 closed."
2024-12-25,closed,,18:00,"https://web.archive.org/web/20240708161439/https://www.cmegroup.com/services/trading-hours-by-product?id=316,133,425,300,58,437,22,8478,5201,10191&pageNumber=1&pageSize=999&sortAsc=true&fromEventDate=2024-12-24&toEventDate=2024-12-26&isProtected&_t=1720455278686","CME trading-hours-by-product API, CL, 2024-12-24_2024-12-26 (Wayback 2024-07-08 capture)","JSON from the CME services API (trading-hours-by-product, product CL). Times CT, +1h to ET. Events on 2024-12-25: 16:00 preopen, 17:00 open. No day session (only the evening pre-open/open): closed, INFERRED from the absence of a day session."
2025-01-01,closed,,18:00,"https://web.archive.org/web/20241220155340/https://www.cmegroup.com/services/trading-hours-by-product?id=316,133,425,300,58,437,22,8478,5201,10191&pageNumber=1&pageSize=999&sortAsc=true&fromEventDate=2024-12-31&toEventDate=2025-01-02&isProtected&_t=1734710019538","CME trading-hours-by-product API, CL, 2024-12-31_2025-01-02","JSON from the CME services API (trading-hours-by-product, product CL). Times CT, +1h to ET. Events on 2025-01-01: 16:00 preopen, 17:00 open. No day session (only the evening pre-open/open): closed, INFERRED from the absence of a day session."
2025-01-20,early_halt,14:30,18:00,"https://web.archive.org/web/20241220155340/https://www.cmegroup.com/services/trading-hours-by-product?id=316,133,425,300,58,437,22,8478,5201,10191&pageNumber=1&pageSize=999&sortAsc=true&fromEventDate=2025-01-19&toEventDate=2025-01-21&isProtected&_t=1734710019539","CME trading-hours-by-product API, CL, 2025-01-19_2025-01-21","JSON from the CME services API (trading-hours-by-product, product CL). Times CT, +1h to ET. Events on 2025-01-20: 13:30 preopen, 17:00 open."
2025-02-17,early_halt,14:30,18:00,"https://web.archive.org/web/20241220155340/https://www.cmegroup.com/services/trading-hours-by-product?id=316,133,425,300,58,437,22,8478,5201,10191&pageNumber=1&pageSize=999&sortAsc=true&fromEventDate=2025-02-16&toEventDate=2025-02-18&isProtected&_t=1734710019540","CME trading-hours-by-product API, CL, 2025-02-16_2025-02-18","JSON from the CME services API (trading-hours-by-product, product CL). Times CT, +1h to ET. Events on 2025-02-17: 13:30 preopen, 17:00 open."
2025-04-18,closed,,,"https://web.archive.org/web/20241220155340/https://www.cmegroup.com/services/trading-hours-by-product?id=316,133,425,300,58,437,22,8478,5201,10191&pageNumber=1&pageSize=999&sortAsc=true&fromEventDate=2025-04-17&toEventDate=2025-04-19&isProtected&_t=1734710019542","CME trading-hours-by-product API, CL, 2025-04-17_2025-04-19","JSON from the CME services API (trading-hours-by-product, product CL). Times CT, +1h to ET. Events on 2025-04-18: . No events on a weekday while the same capture returns events for the neighbouring days: closed, INFERRED."
2025-05-26,early_halt,14:30,18:00,"https://web.archive.org/web/20241220155340/https://www.cmegroup.com/services/trading-hours-by-product?id=316,133,425,300,58,437,22,8478,5201,10191&pageNumber=1&pageSize=999&sortAsc=true&fromEventDate=2025-05-25&toEventDate=2025-05-27&isProtected&_t=1734710019543","CME trading-hours-by-product API, CL, 2025-05-25_2025-05-27","JSON from the CME services API (trading-hours-by-product, product CL). Times CT, +1h to ET. Events on 2025-05-26: 13:30 preopen, 17:00 open."
2025-06-19,early_halt,14:30,18:00,"https://web.archive.org/web/20241220155340/https://www.cmegroup.com/services/trading-hours-by-product?id=316,133,425,300,58,437,22,8478,5201,10191&pageNumber=1&pageSize=999&sortAsc=true&fromEventDate=2025-06-18&toEventDate=2025-06-20&isProtected&_t=1734710019544","CME trading-hours-by-product API, CL, 2025-06-18_2025-06-20","JSON from the CME services API (trading-hours-by-product, product CL). Times CT, +1h to ET. Events on 2025-06-19: 13:30 preopen, 17:00 open."
2025-07-04,early_halt,13:00,,"https://web.archive.org/web/20241220155340/https://www.cmegroup.com/services/trading-hours-by-product?id=316,133,425,300,58,437,22,8478,5201,10191&pageNumber=1&pageSize=999&sortAsc=true&fromEventDate=2025-07-03&toEventDate=2025-07-05&isProtected&_t=1734710019545","CME trading-hours-by-product API, CL, 2025-07-03_2025-07-05","JSON from the CME services API (trading-hours-by-product, product CL). Times CT, +1h to ET. Events on 2025-07-04: 12:00 closed."
2025-09-01,early_halt,14:30,18:00,"https://web.archive.org/web/20241220155340/https://www.cmegroup.com/services/trading-hours-by-product?id=316,133,425,300,58,437,22,8478,5201,10191&pageNumber=1&pageSize=999&sortAsc=true&fromEventDate=2025-08-31&toEventDate=2025-09-02&isProtected&_t=1734710019546","CME trading-hours-by-product API, CL, 2025-08-31_2025-09-02","JSON from the CME services API (trading-hours-by-product, product CL). Times CT, +1h to ET. Events on 2025-09-01: 13:30 preopen, 17:00 open."
2025-11-27,early_halt,13:30,18:00,"https://web.archive.org/web/20260129012309/https://www.cmegroup.com/services/trading-hours-by-product?id=316,133,425,300,58,437,22,8478,5201,10191&pageNumber=1&pageSize=999&sortAsc=true&fromEventDate=2025-11-26&toEventDate=2025-11-28&isProtected&_t=1769649789739","CME trading-hours-by-product API, CL, 2025-11-26_2025-11-28","JSON from the CME services API (trading-hours-by-product, product CL). Times CT, +1h to ET. Events on 2025-11-27: 13:30 preopen, 17:00 open. [OBSERVED] The notice's 14:30 ET is contradicted by the 1m bars of CL and GC, which end at 13:30 ET; the table uses 13:30."
2025-11-28,early_halt,14:45,,"https://web.archive.org/web/20260129012309/https://www.cmegroup.com/services/trading-hours-by-product?id=316,133,425,300,58,437,22,8478,5201,10191&pageNumber=1&pageSize=999&sortAsc=true&fromEventDate=2025-11-26&toEventDate=2025-11-28&isProtected&_t=1769649789739","CME trading-hours-by-product API, CL, 2025-11-26_2025-11-28","JSON from the CME services API (trading-hours-by-product, product CL). Times CT, +1h to ET. Events on 2025-11-28: 07:00 preopen, 07:30 open, 13:45 closed."
2025-12-24,early_halt,13:45,2025-12-25 18:00,"https://web.archive.org/web/20260129012309/https://www.cmegroup.com/services/trading-hours-by-product?id=316,133,425,300,58,437,22,8478,5201,10191&pageNumber=1&pageSize=999&sortAsc=true&fromEventDate=2025-12-24&toEventDate=2025-12-26&isProtected&_t=1769649789742","CME trading-hours-by-product API, CL, 2025-12-24_2025-12-26","JSON from the CME services API (trading-hours-by-product, product CL). Times CT, +1h to ET. Events on 2025-12-24: 12:45 closed."
2025-12-25,closed,,18:00,"https://web.archive.org/web/20260129012309/https://www.cmegroup.com/services/trading-hours-by-product?id=316,133,425,300,58,437,22,8478,5201,10191&pageNumber=1&pageSize=999&sortAsc=true&fromEventDate=2025-12-24&toEventDate=2025-12-26&isProtected&_t=1769649789742","CME trading-hours-by-product API, CL, 2025-12-24_2025-12-26","JSON from the CME services API (trading-hours-by-product, product CL). Times CT, +1h to ET. Events on 2025-12-25: 16:00 preopen, 17:00 open. No day session (only the evening pre-open/open): closed, INFERRED from the absence of a day session."
2026-01-01,closed,,18:00,"https://web.archive.org/web/20260722114222/https://www.cmegroup.com/services/trading-hours-by-product?id=316,133,425,300,58,437,22,8478,5201,10191&pageNumber=1&pageSize=999&sortAsc=true&fromEventDate=2025-12-31&toEventDate=2026-01-02&isProtected&_t=1784720542553","CME trading-hours-by-product API, CL, 2025-12-31_2026-01-02","JSON from the CME services API (trading-hours-by-product, product CL). Times CT, +1h to ET. Events on 2026-01-01: 16:00 preopen, 17:00 open. No day session (only the evening pre-open/open): closed, INFERRED from the absence of a day session."
2026-01-19,early_halt,14:30,18:00,"https://web.archive.org/web/20260812185118/https://www.cmegroup.com/services/trading-hours-by-product?id=316,133,425,300,58,437,22,8478,5201,10191&pageNumber=1&pageSize=999&sortAsc=true&fromEventDate=2026-01-18&toEventDate=2026-01-20&isProtected&_t=1720455320274","CME trading-hours-by-product API, CL, 2026-01-18_2026-01-20","JSON from the CME services API (trading-hours-by-product, product CL). Times CT, +1h to ET. Events on 2026-01-19: 13:30 preopen, 17:00 open."
2026-02-16,early_halt,14:30,18:00,"https://web.archive.org/web/20260812185118/https://www.cmegroup.com/services/trading-hours-by-product?id=316,133,425,300,58,437,22,8478,5201,10191&pageNumber=1&pageSize=999&sortAsc=true&fromEventDate=2026-02-15&toEventDate=2026-02-17&isProtected&_t=1720455320274","CME trading-hours-by-product API, CL, 2026-02-15_2026-02-17","JSON from the CME services API (trading-hours-by-product, product CL). Times CT, +1h to ET. Events on 2026-02-16: 13:30 preopen, 17:00 open."
2026-04-03,closed,,,"https://web.archive.org/web/20260722114222/https://www.cmegroup.com/services/trading-hours-by-product?id=316,133,425,300,58,437,22,8478,5201,10191&pageNumber=1&pageSize=999&sortAsc=true&fromEventDate=2026-04-01&toEventDate=2026-04-03&isProtected&_t=1784720542559","CME trading-hours-by-product API, CL, 2026-04-01_2026-04-03","JSON from the CME services API (trading-hours-by-product, product CL). Times CT, +1h to ET. Events on 2026-04-03: . No events on a weekday while the same capture returns events for the neighbouring days: closed, INFERRED."
2026-05-25,early_halt,14:30,18:00,"https://web.archive.org/web/20260722114222/https://www.cmegroup.com/services/trading-hours-by-product?id=316,133,425,300,58,437,22,8478,5201,10191&pageNumber=1&pageSize=999&sortAsc=true&fromEventDate=2026-05-24&toEventDate=2026-05-26&isProtected&_t=1784720542560","CME trading-hours-by-product API, CL, 2026-05-24_2026-05-26","JSON from the CME services API (trading-hours-by-product, product CL). Times CT, +1h to ET. Events on 2026-05-25: 13:30 preopen, 17:00 open."
2026-06-19,early_halt,13:00,,"https://web.archive.org/web/20260129012310/https://www.cmegroup.com/services/trading-hours-by-product?id=316,133,425,300,58,437,22,8478,5201,10191&pageNumber=1&pageSize=999&sortAsc=true&fromEventDate=2026-06-17&toEventDate=2026-06-19&isProtected&_t=1769649789748","CME trading-hours-by-product API, CL, 2026-06-17_2026-06-19","JSON from the CME services API (trading-hours-by-product, product CL). Times CT, +1h to ET. Events on 2026-06-19: 12:00 closed. Same in: 2026-06-18_2026-06-20."
2026-07-03,early_halt,13:00,,"https://web.archive.org/web/20260129012310/https://www.cmegroup.com/services/trading-hours-by-product?id=316,133,425,300,58,437,22,8478,5201,10191&pageNumber=1&pageSize=999&sortAsc=true&fromEventDate=2026-07-02&toEventDate=2026-07-04&isProtected&_t=1769649789749","CME trading-hours-by-product API, CL, 2026-07-02_2026-07-04","JSON from the CME services API (trading-hours-by-product, product CL). Times CT, +1h to ET. Events on 2026-07-03: 12:00 closed. Same in: 2026-07-03_2026-07-05."
2026-09-07,early_halt,14:30,18:00,"https://web.archive.org/web/20260913074737/https://www.cmegroup.com/services/trading-hours-by-product?id=316,133,425,300,58,437,22,8478,5201,10191&pageNumber=1&pageSize=999&sortAsc=true&fromEventDate=2026-09-06&toEventDate=2026-09-08&isProtected&_t=1789285657329","CME trading-hours-by-product API, CL, 2026-09-06_2026-09-08","JSON from the CME services API (trading-hours-by-product, product CL). Times CT, +1h to ET. Events on 2026-09-07: 13:30 preopen, 17:00 open."
2026-11-26,early_halt,14:30,18:00,"https://web.archive.org/web/20260913074738/https://www.cmegroup.com/services/trading-hours-by-product?id=316,133,425,300,58,437,22,8478,5201,10191&pageNumber=1&pageSize=999&sortAsc=true&fromEventDate=2026-11-25&toEventDate=2026-11-27&isProtected&_t=1789285658800","CME trading-hours-by-product API, CL, 2026-11-25_2026-11-27","JSON from the CME services API (trading-hours-by-product, product CL). Times CT, +1h to ET. Events on 2026-11-26: 13:30 preopen, 17:00 open."
2026-11-27,early_halt,14:45,,"https://web.archive.org/web/20260913074738/https://www.cmegroup.com/services/trading-hours-by-product?id=316,133,425,300,58,437,22,8478,5201,10191&pageNumber=1&pageSize=999&sortAsc=true&fromEventDate=2026-11-25&toEventDate=2026-11-27&isProtected&_t=1789285658800","CME trading-hours-by-product API, CL, 2026-11-25_2026-11-27","JSON from the CME services API (trading-hours-by-product, product CL). Times CT, +1h to ET. Events on 2026-11-27: 13:45 closed."
2026-12-24,early_halt,13:45,,"https://web.archive.org/web/20260310063244/https://www.cmegroup.com/services/trading-hours-by-product?id=316,133,425,300,58,437,22,8478,5201,10191&pageNumber=1&pageSize=999&sortAsc=true&fromEventDate=2026-12-23&toEventDate=2026-12-25&isProtected&_t=1720050009698","CME trading-hours-by-product API, CL, 2026-12-23_2026-12-25","JSON from the CME services API (trading-hours-by-product, product CL). Times CT, +1h to ET. Events on 2026-12-24: 12:45 closed. Same in: 2026-12-24_2026-12-26."
2026-12-25,closed,,,"https://web.archive.org/web/20260310063244/https://www.cmegroup.com/services/trading-hours-by-product?id=316,133,425,300,58,437,22,8478,5201,10191&pageNumber=1&pageSize=999&sortAsc=true&fromEventDate=2026-12-23&toEventDate=2026-12-25&isProtected&_t=1720050009698","CME trading-hours-by-product API, CL, 2026-12-23_2026-12-25","JSON from the CME services API (trading-hours-by-product, product CL). Times CT, +1h to ET. Events on 2026-12-25: . No events on a weekday while the same capture returns events for the neighbouring days: closed, INFERRED. Same in: 2026-12-24_2026-12-26."
2027-01-01,closed,,,"https://web.archive.org/web/20260310063233/https://www.cmegroup.com/services/trading-hours-by-product?id=316,133,425,300,58,437,22,8478,5201,10191&pageNumber=1&pageSize=999&sortAsc=true&fromEventDate=2026-12-30&toEventDate=2027-01-01&isProtected&_t=1720050009698","CME trading-hours-by-product API, CL, 2026-12-30_2027-01-01","JSON from the CME services API (trading-hours-by-product, product CL). Times CT, +1h to ET. Events on 2027-01-01: . No events on a weekday while the same capture returns events for the neighbouring days: closed, INFERRED. Same in: 2026-12-31_2027-01-02."
2027-01-18,early_halt,14:30,18:00,"https://web.archive.org/web/20260913074737/https://www.cmegroup.com/services/trading-hours-by-product?id=316,133,425,300,58,437,22,8478,5201,10191&pageNumber=1&pageSize=999&sortAsc=true&fromEventDate=2027-01-17&toEventDate=2027-01-19&isProtected&_t=1789285657337","CME trading-hours-by-product API, CL, 2027-01-17_2027-01-19","JSON from the CME services API (trading-hours-by-product, product CL). Times CT, +1h to ET. Events on 2027-01-18: 13:30 preopen, 17:00 open."
2027-02-15,early_halt,14:30,18:00,"https://web.archive.org/web/20260913074738/https://www.cmegroup.com/services/trading-hours-by-product?id=316,133,425,300,58,437,22,8478,5201,10191&pageNumber=1&pageSize=999&sortAsc=true&fromEventDate=2027-02-14&toEventDate=2027-02-16&isProtected&_t=1789285657338","CME trading-hours-by-product API, CL, 2027-02-14_2027-02-16","JSON from the CME services API (trading-hours-by-product, product CL). Times CT, +1h to ET. Events on 2027-02-15: 13:30 preopen, 17:00 open."
2027-03-26,closed,,,"https://web.archive.org/web/20260913074738/https://www.cmegroup.com/services/trading-hours-by-product?id=316,133,425,300,58,437,22,8478,5201,10191&pageNumber=1&pageSize=999&sortAsc=true&fromEventDate=2027-03-25&toEventDate=2027-03-27&isProtected&_t=1789285657339","CME trading-hours-by-product API, CL, 2027-03-25_2027-03-27","JSON from the CME services API (trading-hours-by-product, product CL). Times CT, +1h to ET. Events on 2027-03-26: . No events on a weekday while the same capture returns events for the neighbouring days: closed, INFERRED."
2027-05-31,early_halt,14:30,18:00,"https://web.archive.org/web/20260913074738/https://www.cmegroup.com/services/trading-hours-by-product?id=316,133,425,300,58,437,22,8478,5201,10191&pageNumber=1&pageSize=999&sortAsc=true&fromEventDate=2027-05-30&toEventDate=2027-06-01&isProtected&_t=1789285657339","CME trading-hours-by-product API, CL, 2027-05-30_2027-06-01","JSON from the CME services API (trading-hours-by-product, product CL). Times CT, +1h to ET. Events on 2027-05-31: 13:30 preopen, 17:00 open."
2027-06-18,early_halt,13:00,,"https://web.archive.org/web/20260913074738/https://www.cmegroup.com/services/trading-hours-by-product?id=316,133,425,300,58,437,22,8478,5201,10191&pageNumber=1&pageSize=999&sortAsc=true&fromEventDate=2027-06-17&toEventDate=2027-06-19&isProtected&_t=1789285657340","CME trading-hours-by-product API, CL, 2027-06-17_2027-06-19","JSON from the CME services API (trading-hours-by-product, product CL). Times CT, +1h to ET. Events on 2027-06-18: 12:00 closed."
2027-07-05,early_halt,14:30,18:00,"https://web.archive.org/web/20260913074738/https://www.cmegroup.com/services/trading-hours-by-product?id=316,133,425,300,58,437,22,8478,5201,10191&pageNumber=1&pageSize=999&sortAsc=true&fromEventDate=2027-07-04&toEventDate=2027-07-06&isProtected&_t=1789285657341","CME trading-hours-by-product API, CL, 2027-07-04_2027-07-06","JSON from the CME services API (trading-hours-by-product, product CL). Times CT, +1h to ET. Events on 2027-07-05: 13:30 preopen, 17:00 open."
2027-09-06,early_halt,14:30,18:00,"https://web.archive.org/web/20260913074738/https://www.cmegroup.com/services/trading-hours-by-product?id=316,133,425,300,58,437,22,8478,5201,10191&pageNumber=1&pageSize=999&sortAsc=true&fromEventDate=2027-09-05&toEventDate=2027-09-07&isProtected&_t=1789285657342","CME trading-hours-by-product API, CL, 2027-09-05_2027-09-07","JSON from the CME services API (trading-hours-by-product, product CL). Times CT, +1h to ET. Events on 2027-09-06: 13:30 preopen, 17:00 open."
2027-11-25,early_halt,14:30,18:00,"https://web.archive.org/web/20260913074738/https://www.cmegroup.com/services/trading-hours-by-product?id=316,133,425,300,58,437,22,8478,5201,10191&pageNumber=1&pageSize=999&sortAsc=true&fromEventDate=2027-11-24&toEventDate=2027-11-26&isProtected&_t=1789285657343","CME trading-hours-by-product API, CL, 2027-11-24_2027-11-26","JSON from the CME services API (trading-hours-by-product, product CL). Times CT, +1h to ET. Events on 2027-11-25: 13:30 preopen, 17:00 open."
2027-11-26,early_halt,14:45,,"https://web.archive.org/web/20260913074738/https://www.cmegroup.com/services/trading-hours-by-product?id=316,133,425,300,58,437,22,8478,5201,10191&pageNumber=1&pageSize=999&sortAsc=true&fromEventDate=2027-11-24&toEventDate=2027-11-26&isProtected&_t=1789285657343","CME trading-hours-by-product API, CL, 2027-11-24_2027-11-26","JSON from the CME services API (trading-hours-by-product, product CL). Times CT, +1h to ET. Events on 2027-11-26: 13:45 closed."
2027-12-24,closed,,,"https://web.archive.org/web/20260913074738/https://www.cmegroup.com/services/trading-hours-by-product?id=316,133,425,300,58,437,22,8478,5201,10191&pageNumber=1&pageSize=999&sortAsc=true&fromEventDate=2027-12-22&toEventDate=2027-12-24&isProtected&_t=1789285657344","CME trading-hours-by-product API, CL, 2027-12-22_2027-12-24","JSON from the CME services API (trading-hours-by-product, product CL). Times CT, +1h to ET. Events on 2027-12-24: . No events on a weekday while the same capture returns events for the neighbouring days: closed, INFERRED."
